//
//  bench_codeobj.h — generated by tools/build-shaders.sh from shaders/bench.cl
//  (clang -mcpu=gfx1201, ld.lld -shared). Do not edit; edit the .cl and regenerate.
//

#pragma once
#include <stdint.h>

static const uint8_t kBenchCodeObject[] = {
	0x7f, 0x45, 0x4c, 0x46, 0x02, 0x01, 0x01, 0x40, 0x03, 0x00, 0x00, 0x00, 0x00, 0x00, 0x00, 0x00,
	0x03, 0x00, 0xe0, 0x00, 0x01, 0x00, 0x00, 0x00, 0x00, 0x00, 0x00, 0x00, 0x00, 0x00, 0x00, 0x00,
	0x40, 0x00, 0x00, 0x00, 0x00, 0x00, 0x00, 0x00, 0xe0, 0x55, 0x00, 0x00, 0x00, 0x00, 0x00, 0x00,
	0x4e, 0x00, 0x00, 0x00, 0x40, 0x00, 0x38, 0x00, 0x08, 0x00, 0x40, 0x00, 0x0e, 0x00, 0x0c, 0x00,
	0x06, 0x00, 0x00, 0x00, 0x04, 0x00, 0x00, 0x00, 0x40, 0x00, 0x00, 0x00, 0x00, 0x00, 0x00, 0x00,
	0x40, 0x00, 0x00, 0x00, 0x00, 0x00, 0x00, 0x00, 0x40, 0x00, 0x00, 0x00, 0x00, 0x00, 0x00, 0x00,
	0xc0, 0x01, 0x00, 0x00, 0x00, 0x00, 0x00, 0x00, 0xc0, 0x01, 0x00, 0x00, 0x00, 0x00, 0x00, 0x00,
	0x08, 0x00, 0x00, 0x00, 0x00, 0x00, 0x00, 0x00, 0x01, 0x00, 0x00, 0x00, 0x04, 0x00, 0x00, 0x00,
	0x00, 0x00, 0x00, 0x00, 0x00, 0x00, 0x00, 0x00, 0x00, 0x00, 0x00, 0x00, 0x00, 0x00, 0x00, 0x00,
	0x00, 0x00, 0x00, 0x00, 0x00, 0x00, 0x00, 0x00, 0xc4, 0x18, 0x00, 0x00, 0x00, 0x00, 0x00, 0x00,
	0xc4, 0x18, 0x00, 0x00, 0x00, 0x00, 0x00, 0x00, 0x00, 0x10, 0x00, 0x00, 0x00, 0x00, 0x00, 0x00,
	0x01, 0x00, 0x00, 0x00, 0x05, 0x00, 0x00, 0x00, 0x00, 0x19, 0x00, 0x00, 0x00, 0x00, 0x00, 0x00,
	0x00, 0x29, 0x00, 0x00, 0x00, 0x00, 0x00, 0x00, 0x00, 0x29, 0x00, 0x00, 0x00, 0x00, 0x00, 0x00,
	0x80, 0x39, 0x00, 0x00, 0x00, 0x00, 0x00, 0x00, 0x80, 0x39, 0x00, 0x00, 0x00, 0x00, 0x00, 0x00,
	0x00, 0x10, 0x00, 0x00, 0x00, 0x00, 0x00, 0x00, 0x01, 0x00, 0x00, 0x00, 0x06, 0x00, 0x00, 0x00,
	0x80, 0x52, 0x00, 0x00, 0x00, 0x00, 0x00, 0x00, 0x80, 0x72, 0x00, 0x00, 0x00, 0x00, 0x00, 0x00,
	0x80, 0x72, 0x00, 0x00, 0x00, 0x00, 0x00, 0x00, 0x70, 0x00, 0x00, 0x00, 0x00, 0x00, 0x00, 0x00,
	0x80, 0x0d, 0x00, 0x00, 0x00, 0x00, 0x00, 0x00, 0x00, 0x10, 0x00, 0x00, 0x00, 0x00, 0x00, 0x00,
	0x02, 0x00, 0x00, 0x00, 0x06, 0x00, 0x00, 0x00, 0x80, 0x52, 0x00, 0x00, 0x00, 0x00, 0x00, 0x00,
	0x80, 0x72, 0x00, 0x00, 0x00, 0x00, 0x00, 0x00, 0x80, 0x72, 0x00, 0x00, 0x00, 0x00, 0x00, 0x00,
	0x70, 0x00, 0x00, 0x00, 0x00, 0x00, 0x00, 0x00, 0x70, 0x00, 0x00, 0x00, 0x00, 0x00, 0x00, 0x00,
	0x08, 0x00, 0x00, 0x00, 0x00, 0x00, 0x00, 0x00, 0x52, 0xe5, 0x74, 0x64, 0x04, 0x00, 0x00, 0x00,
	0x80, 0x52, 0x00, 0x00, 0x00, 0x00, 0x00, 0x00, 0x80, 0x72, 0x00, 0x00, 0x00, 0x00, 0x00, 0x00,
	0x80, 0x72, 0x00, 0x00, 0x00, 0x00, 0x00, 0x00, 0x70, 0x00, 0x00, 0x00, 0x00, 0x00, 0x00, 0x00,
	0x80, 0x0d, 0x00, 0x00, 0x00, 0x00, 0x00, 0x00, 0x01, 0x00, 0x00, 0x00, 0x00, 0x00, 0x00, 0x00,
	0x51, 0xe5, 0x74, 0x64, 0x06, 0x00, 0x00, 0x00, 0x00, 0x00, 0x00, 0x00, 0x00, 0x00, 0x00, 0x00,
	0x00, 0x00, 0x00, 0x00, 0x00, 0x00, 0x00, 0x00, 0x00, 0x00, 0x00, 0x00, 0x00, 0x00, 0x00, 0x00,
	0x00, 0x00, 0x00, 0x00, 0x00, 0x00, 0x00, 0x00, 0x00, 0x00, 0x00, 0x00, 0x00, 0x00, 0x00, 0x00,
	0x00, 0x00, 0x00, 0x00, 0x00, 0x00, 0x00, 0x00, 0x04, 0x00, 0x00, 0x00, 0x04, 0x00, 0x00, 0x00,
	0x00, 0x02, 0x00, 0x00, 0x00, 0x00, 0x00, 0x00, 0x00, 0x02, 0x00, 0x00, 0x00, 0x00, 0x00, 0x00,
	0x00, 0x02, 0x00, 0x00, 0x00, 0x00, 0x00, 0x00, 0x14, 0x12, 0x00, 0x00, 0x00, 0x00, 0x00, 0x00,
	0x14, 0x12, 0x00, 0x00, 0x00, 0x00, 0x00, 0x00, 0x04, 0x00, 0x00, 0x00, 0x00, 0x00, 0x00, 0x00,
	0x07, 0x00, 0x00, 0x00, 0x00, 0x12, 0x00, 0x00, 0x20, 0x00, 0x00, 0x00, 0x41, 0x4d, 0x44, 0x47,
	0x50, 0x55, 0x00, 0x00, 0x83, 0xae, 0x61, 0x6d, 0x64, 0x68, 0x73, 0x61, 0x2e, 0x6b, 0x65, 0x72,
	0x6e, 0x65, 0x6c, 0x73, 0x97, 0xde, 0x00, 0x12, 0xa5, 0x2e, 0x61, 0x72, 0x67, 0x73, 0x93, 0x86,
	0xae, 0x2e, 0x61, 0x64, 0x64, 0x72, 0x65, 0x73, 0x73, 0x5f, 0x73, 0x70, 0x61, 0x63, 0x65, 0xa6,
	0x67, 0x6c, 0x6f, 0x62, 0x61, 0x6c, 0xa9, 0x2e, 0x69, 0x73, 0x5f, 0x63, 0x6f, 0x6e, 0x73, 0x74,
	0xc3, 0xa7, 0x2e, 0x6f, 0x66, 0x66, 0x73, 0x65, 0x74, 0x00, 0xa5, 0x2e, 0x73, 0x69, 0x7a, 0x65,
	0x08, 0xaa, 0x2e, 0x74, 0x79, 0x70, 0x65, 0x5f, 0x6e, 0x61, 0x6d, 0x65, 0xa5, 0x75, 0x69, 0x6e,
	0x74, 0x2a, 0xab, 0x2e, 0x76, 0x61, 0x6c, 0x75, 0x65, 0x5f, 0x6b, 0x69, 0x6e, 0x64, 0xad, 0x67,
	0x6c, 0x6f, 0x62, 0x61, 0x6c, 0x5f, 0x62, 0x75, 0x66, 0x66, 0x65, 0x72, 0x86, 0xae, 0x2e, 0x61,
	0x64, 0x64, 0x72, 0x65, 0x73, 0x73, 0x5f, 0x73, 0x70, 0x61, 0x63, 0x65, 0xa6, 0x67, 0x6c, 0x6f,
	0x62, 0x61, 0x6c, 0xa9, 0x2e, 0x69, 0x73, 0x5f, 0x63, 0x6f, 0x6e, 0x73, 0x74, 0xc3, 0xa7, 0x2e,
	0x6f, 0x66, 0x66, 0x73, 0x65, 0x74, 0x08, 0xa5, 0x2e, 0x73, 0x69, 0x7a, 0x65, 0x08, 0xaa, 0x2e,
	0x74, 0x79, 0x70, 0x65, 0x5f, 0x6e, 0x61, 0x6d, 0x65, 0xa5, 0x75, 0x69, 0x6e, 0x74, 0x2a, 0xab,
	0x2e, 0x76, 0x61, 0x6c, 0x75, 0x65, 0x5f, 0x6b, 0x69, 0x6e, 0x64, 0xad, 0x67, 0x6c, 0x6f, 0x62,
	0x61, 0x6c, 0x5f, 0x62, 0x75, 0x66, 0x66, 0x65, 0x72, 0x85, 0xae, 0x2e, 0x61, 0x64, 0x64, 0x72,
	0x65, 0x73, 0x73, 0x5f, 0x73, 0x70, 0x61, 0x63, 0x65, 0xa6, 0x67, 0x6c, 0x6f, 0x62, 0x61, 0x6c,
	0xa7, 0x2e, 0x6f, 0x66, 0x66, 0x73, 0x65, 0x74, 0x10, 0xa5, 0x2e, 0x73, 0x69, 0x7a, 0x65, 0x08,
	0xaa, 0x2e, 0x74, 0x79, 0x70, 0x65, 0x5f, 0x6e, 0x61, 0x6d, 0x65, 0xa5, 0x75, 0x69, 0x6e, 0x74,
	0x2a, 0xab, 0x2e, 0x76, 0x61, 0x6c, 0x75, 0x65, 0x5f, 0x6b, 0x69, 0x6e, 0x64, 0xad, 0x67, 0x6c,
	0x6f, 0x62, 0x61, 0x6c, 0x5f, 0x62, 0x75, 0x66, 0x66, 0x65, 0x72, 0xb9, 0x2e, 0x67, 0x72, 0x6f,
	0x75, 0x70, 0x5f, 0x73, 0x65, 0x67, 0x6d, 0x65, 0x6e, 0x74, 0x5f, 0x66, 0x69, 0x78, 0x65, 0x64,
	0x5f, 0x73, 0x69, 0x7a, 0x65, 0xcd, 0x01, 0x00, 0xb6, 0x2e, 0x6b, 0x65, 0x72, 0x6e, 0x61, 0x72,
	0x67, 0x5f, 0x73, 0x65, 0x67, 0x6d, 0x65, 0x6e, 0x74, 0x5f, 0x61, 0x6c, 0x69, 0x67, 0x6e, 0x08,
	0xb5, 0x2e, 0x6b, 0x65, 0x72, 0x6e, 0x61, 0x72, 0x67, 0x5f, 0x73, 0x65, 0x67, 0x6d, 0x65, 0x6e,
	0x74, 0x5f, 0x73, 0x69, 0x7a, 0x65, 0x18, 0xa9, 0x2e, 0x6c, 0x61, 0x6e, 0x67, 0x75, 0x61, 0x67,
	0x65, 0xa8, 0x4f, 0x70, 0x65, 0x6e, 0x43, 0x4c, 0x20, 0x43, 0xb1, 0x2e, 0x6c, 0x61, 0x6e, 0x67,
	0x75, 0x61, 0x67, 0x65, 0x5f, 0x76, 0x65, 0x72, 0x73, 0x69, 0x6f, 0x6e, 0x92, 0x02, 0x00, 0xb8,
	0x2e, 0x6d, 0x61, 0x78, 0x5f, 0x66, 0x6c, 0x61, 0x74, 0x5f, 0x77, 0x6f, 0x72, 0x6b, 0x67, 0x72,
	0x6f, 0x75, 0x70, 0x5f, 0x73, 0x69, 0x7a, 0x65, 0x40, 0xa5, 0x2e, 0x6e, 0x61, 0x6d, 0x65, 0xab,
	0x6c, 0x64, 0x73, 0x5f, 0x72, 0x65, 0x76, 0x65, 0x72, 0x73, 0x65, 0xbb, 0x2e, 0x70, 0x72, 0x69,
	0x76, 0x61, 0x74, 0x65, 0x5f, 0x73, 0x65, 0x67, 0x6d, 0x65, 0x6e, 0x74, 0x5f, 0x66, 0x69, 0x78,
	0x65, 0x64, 0x5f, 0x73, 0x69, 0x7a, 0x65, 0x00, 0xb4, 0x2e, 0x72, 0x65, 0x71, 0x64, 0x5f, 0x77,
	0x6f, 0x72, 0x6b, 0x67, 0x72, 0x6f, 0x75, 0x70, 0x5f, 0x73, 0x69, 0x7a, 0x65, 0x93, 0x40, 0x01,
	0x01, 0xab, 0x2e, 0x73, 0x67, 0x70, 0x72, 0x5f, 0x63, 0x6f, 0x75, 0x6e, 0x74, 0x0a, 0xb1, 0x2e,
	0x73, 0x67, 0x70, 0x72, 0x5f, 0x73, 0x70, 0x69, 0x6c, 0x6c, 0x5f, 0x63, 0x6f, 0x75, 0x6e, 0x74,
	0x00, 0xa7, 0x2e, 0x73, 0x79, 0x6d, 0x62, 0x6f, 0x6c, 0xae, 0x6c, 0x64, 0x73, 0x5f, 0x72, 0x65,
	0x76, 0x65, 0x72, 0x73, 0x65, 0x2e, 0x6b, 0x64, 0xb3, 0x2e, 0x75, 0x73, 0x65, 0x73, 0x5f, 0x64,
	0x79, 0x6e, 0x61, 0x6d, 0x69, 0x63, 0x5f, 0x73, 0x74, 0x61, 0x63, 0x6b, 0xc2, 0xab, 0x2e, 0x76,
	0x67, 0x70, 0x72, 0x5f, 0x63, 0x6f, 0x75, 0x6e, 0x74, 0x06, 0xb1, 0x2e, 0x76, 0x67, 0x70, 0x72,
	0x5f, 0x73, 0x70, 0x69, 0x6c, 0x6c, 0x5f, 0x63, 0x6f, 0x75, 0x6e, 0x74, 0x00, 0xaf, 0x2e, 0x77,
	0x61, 0x76, 0x65, 0x66, 0x72, 0x6f, 0x6e, 0x74, 0x5f, 0x73, 0x69, 0x7a, 0x65, 0x20, 0xb9, 0x2e,
	0x77, 0x6f, 0x72, 0x6b, 0x67, 0x72, 0x6f, 0x75, 0x70, 0x5f, 0x70, 0x72, 0x6f, 0x63, 0x65, 0x73,
	0x73, 0x6f, 0x72, 0x5f, 0x6d, 0x6f, 0x64, 0x65, 0x01, 0xde, 0x00, 0x12, 0xa5, 0x2e, 0x61, 0x72,
	0x67, 0x73, 0x92, 0x86, 0xae, 0x2e, 0x61, 0x64, 0x64, 0x72, 0x65, 0x73, 0x73, 0x5f, 0x73, 0x70,
	0x61, 0x63, 0x65, 0xa6, 0x67, 0x6c, 0x6f, 0x62, 0x61, 0x6c, 0xa9, 0x2e, 0x69, 0x73, 0x5f, 0x63,
	0x6f, 0x6e, 0x73, 0x74, 0xc3, 0xa7, 0x2e, 0x6f, 0x66, 0x66, 0x73, 0x65, 0x74, 0x00, 0xa5, 0x2e,
	0x73, 0x69, 0x7a, 0x65, 0x08, 0xaa, 0x2e, 0x74, 0x79, 0x70, 0x65, 0x5f, 0x6e, 0x61, 0x6d, 0x65,
	0xa6, 0x75, 0x69, 0x6e, 0x74, 0x34, 0x2a, 0xab, 0x2e, 0x76, 0x61, 0x6c, 0x75, 0x65, 0x5f, 0x6b,
	0x69, 0x6e, 0x64, 0xad, 0x67, 0x6c, 0x6f, 0x62, 0x61, 0x6c, 0x5f, 0x62, 0x75, 0x66, 0x66, 0x65,
	0x72, 0x85, 0xae, 0x2e, 0x61, 0x64, 0x64, 0x72, 0x65, 0x73, 0x73, 0x5f, 0x73, 0x70, 0x61, 0x63,
	0x65, 0xa6, 0x67, 0x6c, 0x6f, 0x62, 0x61, 0x6c, 0xa7, 0x2e, 0x6f, 0x66, 0x66, 0x73, 0x65, 0x74,
	0x08, 0xa5, 0x2e, 0x73, 0x69, 0x7a, 0x65, 0x08, 0xaa, 0x2e, 0x74, 0x79, 0x70, 0x65, 0x5f, 0x6e,
	0x61, 0x6d, 0x65, 0xa6, 0x75, 0x69, 0x6e, 0x74, 0x34, 0x2a, 0xab, 0x2e, 0x76, 0x61, 0x6c, 0x75,
	0x65, 0x5f, 0x6b, 0x69, 0x6e, 0x64, 0xad, 0x67, 0x6c, 0x6f, 0x62, 0x61, 0x6c, 0x5f, 0x62, 0x75,
	0x66, 0x66, 0x65, 0x72, 0xb9, 0x2e, 0x67, 0x72, 0x6f, 0x75, 0x70, 0x5f, 0x73, 0x65, 0x67, 0x6d,
	0x65, 0x6e, 0x74, 0x5f, 0x66, 0x69, 0x78, 0x65, 0x64, 0x5f, 0x73, 0x69, 0x7a, 0x65, 0x00, 0xb6,
	0x2e, 0x6b, 0x65, 0x72, 0x6e, 0x61, 0x72, 0x67, 0x5f, 0x73, 0x65, 0x67, 0x6d, 0x65, 0x6e, 0x74,
	0x5f, 0x61, 0x6c, 0x69, 0x67, 0x6e, 0x08, 0xb5, 0x2e, 0x6b, 0x65, 0x72, 0x6e, 0x61, 0x72, 0x67,
	0x5f, 0x73, 0x65, 0x67, 0x6d, 0x65, 0x6e, 0x74, 0x5f, 0x73, 0x69, 0x7a, 0x65, 0x10, 0xa9, 0x2e,
	0x6c, 0x61, 0x6e, 0x67, 0x75, 0x61, 0x67, 0x65, 0xa8, 0x4f, 0x70, 0x65, 0x6e, 0x43, 0x4c, 0x20,
	0x43, 0xb1, 0x2e, 0x6c, 0x61, 0x6e, 0x67, 0x75, 0x61, 0x67, 0x65, 0x5f, 0x76, 0x65, 0x72, 0x73,
	0x69, 0x6f, 0x6e, 0x92, 0x02, 0x00, 0xb8, 0x2e, 0x6d, 0x61, 0x78, 0x5f, 0x66, 0x6c, 0x61, 0x74,
	0x5f, 0x77, 0x6f, 0x72, 0x6b, 0x67, 0x72, 0x6f, 0x75, 0x70, 0x5f, 0x73, 0x69, 0x7a, 0x65, 0xcd,
	0x01, 0x00, 0xa5, 0x2e, 0x6e, 0x61, 0x6d, 0x65, 0xa4, 0x63, 0x6f, 0x70, 0x79, 0xbb, 0x2e, 0x70,
	0x72, 0x69, 0x76, 0x61, 0x74, 0x65, 0x5f, 0x73, 0x65, 0x67, 0x6d, 0x65, 0x6e, 0x74, 0x5f, 0x66,
	0x69, 0x78, 0x65, 0x64, 0x5f, 0x73, 0x69, 0x7a, 0x65, 0x00, 0xb4, 0x2e, 0x72, 0x65, 0x71, 0x64,
	0x5f, 0x77, 0x6f, 0x72, 0x6b, 0x67, 0x72, 0x6f, 0x75, 0x70, 0x5f, 0x73, 0x69, 0x7a, 0x65, 0x93,
	0xcd, 0x01, 0x00, 0x01, 0x01, 0xab, 0x2e, 0x73, 0x67, 0x70, 0x72, 0x5f, 0x63, 0x6f, 0x75, 0x6e,
	0x74, 0x06, 0xb1, 0x2e, 0x73, 0x67, 0x70, 0x72, 0x5f, 0x73, 0x70, 0x69, 0x6c, 0x6c, 0x5f, 0x63,
	0x6f, 0x75, 0x6e, 0x74, 0x00, 0xa7, 0x2e, 0x73, 0x79, 0x6d, 0x62, 0x6f, 0x6c, 0xa7, 0x63, 0x6f,
	0x70, 0x79, 0x2e, 0x6b, 0x64, 0xb3, 0x2e, 0x75, 0x73, 0x65, 0x73, 0x5f, 0x64, 0x79, 0x6e, 0x61,
	0x6d, 0x69, 0x63, 0x5f, 0x73, 0x74, 0x61, 0x63, 0x6b, 0xc2, 0xab, 0x2e, 0x76, 0x67, 0x70, 0x72,
	0x5f, 0x63, 0x6f, 0x75, 0x6e, 0x74, 0x06, 0xb1, 0x2e, 0x76, 0x67, 0x70, 0x72, 0x5f, 0x73, 0x70,
	0x69, 0x6c, 0x6c, 0x5f, 0x63, 0x6f, 0x75, 0x6e, 0x74, 0x00, 0xaf, 0x2e, 0x77, 0x61, 0x76, 0x65,
	0x66, 0x72, 0x6f, 0x6e, 0x74, 0x5f, 0x73, 0x69, 0x7a, 0x65, 0x20, 0xb9, 0x2e, 0x77, 0x6f, 0x72,
	0x6b, 0x67, 0x72, 0x6f, 0x75, 0x70, 0x5f, 0x70, 0x72, 0x6f, 0x63, 0x65, 0x73, 0x73, 0x6f, 0x72,
	0x5f, 0x6d, 0x6f, 0x64, 0x65, 0x01, 0xde, 0x00, 0x12, 0xa5, 0x2e, 0x61, 0x72, 0x67, 0x73, 0x94,
	0x86, 0xae, 0x2e, 0x61, 0x64, 0x64, 0x72, 0x65, 0x73, 0x73, 0x5f, 0x73, 0x70, 0x61, 0x63, 0x65,
	0xa6, 0x67, 0x6c, 0x6f, 0x62, 0x61, 0x6c, 0xa9, 0x2e, 0x69, 0x73, 0x5f, 0x63, 0x6f, 0x6e, 0x73,
	0x74, 0xc3, 0xa7, 0x2e, 0x6f, 0x66, 0x66, 0x73, 0x65, 0x74, 0x00, 0xa5, 0x2e, 0x73, 0x69, 0x7a,
	0x65, 0x08, 0xaa, 0x2e, 0x74, 0x79, 0x70, 0x65, 0x5f, 0x6e, 0x61, 0x6d, 0x65, 0xa6, 0x66, 0x6c,
	0x6f, 0x61, 0x74, 0x2a, 0xab, 0x2e, 0x76, 0x61, 0x6c, 0x75, 0x65, 0x5f, 0x6b, 0x69, 0x6e, 0x64,
	0xad, 0x67, 0x6c, 0x6f, 0x62, 0x61, 0x6c, 0x5f, 0x62, 0x75, 0x66, 0x66, 0x65, 0x72, 0x86, 0xae,
	0x2e, 0x61, 0x64, 0x64, 0x72, 0x65, 0x73, 0x73, 0x5f, 0x73, 0x70, 0x61, 0x63, 0x65, 0xa6, 0x67,
	0x6c, 0x6f, 0x62, 0x61, 0x6c, 0xa9, 0x2e, 0x69, 0x73, 0x5f, 0x63, 0x6f, 0x6e, 0x73, 0x74, 0xc3,
	0xa7, 0x2e, 0x6f, 0x66, 0x66, 0x73, 0x65, 0x74, 0x08, 0xa5, 0x2e, 0x73, 0x69, 0x7a, 0x65, 0x08,
	0xaa, 0x2e, 0x74, 0x79, 0x70, 0x65, 0x5f, 0x6e, 0x61, 0x6d, 0x65, 0xa6, 0x66, 0x6c, 0x6f, 0x61,
	0x74, 0x2a, 0xab, 0x2e, 0x76, 0x61, 0x6c, 0x75, 0x65, 0x5f, 0x6b, 0x69, 0x6e, 0x64, 0xad, 0x67,
	0x6c, 0x6f, 0x62, 0x61, 0x6c, 0x5f, 0x62, 0x75, 0x66, 0x66, 0x65, 0x72, 0x85, 0xae, 0x2e, 0x61,
	0x64, 0x64, 0x72, 0x65, 0x73, 0x73, 0x5f, 0x73, 0x70, 0x61, 0x63, 0x65, 0xa6, 0x67, 0x6c, 0x6f,
	0x62, 0x61, 0x6c, 0xa7, 0x2e, 0x6f, 0x66, 0x66, 0x73, 0x65, 0x74, 0x10, 0xa5, 0x2e, 0x73, 0x69,
	0x7a, 0x65, 0x08, 0xaa, 0x2e, 0x74, 0x79, 0x70, 0x65, 0x5f, 0x6e, 0x61, 0x6d, 0x65, 0xa6, 0x66,
	0x6c, 0x6f, 0x61, 0x74, 0x2a, 0xab, 0x2e, 0x76, 0x61, 0x6c, 0x75, 0x65, 0x5f, 0x6b, 0x69, 0x6e,
	0x64, 0xad, 0x67, 0x6c, 0x6f, 0x62, 0x61, 0x6c, 0x5f, 0x62, 0x75, 0x66, 0x66, 0x65, 0x72, 0x84,
	0xa7, 0x2e, 0x6f, 0x66, 0x66, 0x73, 0x65, 0x74, 0x18, 0xa5, 0x2e, 0x73, 0x69, 0x7a, 0x65, 0x04,
	0xaa, 0x2e, 0x74, 0x79, 0x70, 0x65, 0x5f, 0x6e, 0x61, 0x6d, 0x65, 0xa4, 0x75, 0x69, 0x6e, 0x74,
	0xab, 0x2e, 0x76, 0x61, 0x6c, 0x75, 0x65, 0x5f, 0x6b, 0x69, 0x6e, 0x64, 0xa8, 0x62, 0x79, 0x5f,
	0x76, 0x61, 0x6c, 0x75, 0x65, 0xb9, 0x2e, 0x67, 0x72, 0x6f, 0x75, 0x70, 0x5f, 0x73, 0x65, 0x67,
	0x6d, 0x65, 0x6e, 0x74, 0x5f, 0x66, 0x69, 0x78, 0x65, 0x64, 0x5f, 0x73, 0x69, 0x7a, 0x65, 0xcd,
	0x20, 0x80, 0xb6, 0x2e, 0x6b, 0x65, 0x72, 0x6e, 0x61, 0x72, 0x67, 0x5f, 0x73, 0x65, 0x67, 0x6d,
	0x65, 0x6e, 0x74, 0x5f, 0x61, 0x6c, 0x69, 0x67, 0x6e, 0x08, 0xb5, 0x2e, 0x6b, 0x65, 0x72, 0x6e,
	0x61, 0x72, 0x67, 0x5f, 0x73, 0x65, 0x67, 0x6d, 0x65, 0x6e, 0x74, 0x5f, 0x73, 0x69, 0x7a, 0x65,
	0x1c, 0xa9, 0x2e, 0x6c, 0x61, 0x6e, 0x67, 0x75, 0x61, 0x67, 0x65, 0xa8, 0x4f, 0x70, 0x65, 0x6e,
	0x43, 0x4c, 0x20, 0x43, 0xb1, 0x2e, 0x6c, 0x61, 0x6e, 0x67, 0x75, 0x61, 0x67, 0x65, 0x5f, 0x76,
	0x65, 0x72, 0x73, 0x69, 0x6f, 0x6e, 0x92, 0x02, 0x00, 0xb8, 0x2e, 0x6d, 0x61, 0x78, 0x5f, 0x66,
	0x6c, 0x61, 0x74, 0x5f, 0x77, 0x6f, 0x72, 0x6b, 0x67, 0x72, 0x6f, 0x75, 0x70, 0x5f, 0x73, 0x69,
	0x7a, 0x65, 0xcd, 0x01, 0x00, 0xa5, 0x2e, 0x6e, 0x61, 0x6d, 0x65, 0xa5, 0x73, 0x67, 0x65, 0x6d,
	0x6d, 0xbb, 0x2e, 0x70, 0x72, 0x69, 0x76, 0x61, 0x74, 0x65, 0x5f, 0x73, 0x65, 0x67, 0x6d, 0x65,
	0x6e, 0x74, 0x5f, 0x66, 0x69, 0x78, 0x65, 0x64, 0x5f, 0x73, 0x69, 0x7a, 0x65, 0x00, 0xb4, 0x2e,
	0x72, 0x65, 0x71, 0x64, 0x5f, 0x77, 0x6f, 0x72, 0x6b, 0x67, 0x72, 0x6f, 0x75, 0x70, 0x5f, 0x73,
	0x69, 0x7a, 0x65, 0x93, 0x10, 0x10, 0x01, 0xab, 0x2e, 0x73, 0x67, 0x70, 0x72, 0x5f, 0x63, 0x6f,
	0x75, 0x6e, 0x74, 0x0d, 0xb1, 0x2e, 0x73, 0x67, 0x70, 0x72, 0x5f, 0x73, 0x70, 0x69, 0x6c, 0x6c,
	0x5f, 0x63, 0x6f, 0x75, 0x6e, 0x74, 0x00, 0xa7, 0x2e, 0x73, 0x79, 0x6d, 0x62, 0x6f, 0x6c, 0xa8,
	0x73, 0x67, 0x65, 0x6d, 0x6d, 0x2e, 0x6b, 0x64, 0xb3, 0x2e, 0x75, 0x73, 0x65, 0x73, 0x5f, 0x64,
	0x79, 0x6e, 0x61, 0x6d, 0x69, 0x63, 0x5f, 0x73, 0x74, 0x61, 0x63, 0x6b, 0xc2, 0xab, 0x2e, 0x76,
	0x67, 0x70, 0x72, 0x5f, 0x63, 0x6f, 0x75, 0x6e, 0x74, 0x59, 0xb1, 0x2e, 0x76, 0x67, 0x70, 0x72,
	0x5f, 0x73, 0x70, 0x69, 0x6c, 0x6c, 0x5f, 0x63, 0x6f, 0x75, 0x6e, 0x74, 0x00, 0xaf, 0x2e, 0x77,
	0x61, 0x76, 0x65, 0x66, 0x72, 0x6f, 0x6e, 0x74, 0x5f, 0x73, 0x69, 0x7a, 0x65, 0x20, 0xb9, 0x2e,
	0x77, 0x6f, 0x72, 0x6b, 0x67, 0x72, 0x6f, 0x75, 0x70, 0x5f, 0x70, 0x72, 0x6f, 0x63, 0x65, 0x73,
	0x73, 0x6f, 0x72, 0x5f, 0x6d, 0x6f, 0x64, 0x65, 0x01, 0xde, 0x00, 0x12, 0xa5, 0x2e, 0x61, 0x72,
	0x67, 0x73, 0x93, 0x86, 0xae, 0x2e, 0x61, 0x64, 0x64, 0x72, 0x65, 0x73, 0x73, 0x5f, 0x73, 0x70,
	0x61, 0x63, 0x65, 0xa6, 0x67, 0x6c, 0x6f, 0x62, 0x61, 0x6c, 0xa9, 0x2e, 0x69, 0x73, 0x5f, 0x63,
	0x6f, 0x6e, 0x73, 0x74, 0xc3, 0xa7, 0x2e, 0x6f, 0x66, 0x66, 0x73, 0x65, 0x74, 0x00, 0xa5, 0x2e,
	0x73, 0x69, 0x7a, 0x65, 0x08, 0xaa, 0x2e, 0x74, 0x79, 0x70, 0x65, 0x5f, 0x6e, 0x61, 0x6d, 0x65,
	0xa8, 0x75, 0x73, 0x68, 0x6f, 0x72, 0x74, 0x38, 0x2a, 0xab, 0x2e, 0x76, 0x61, 0x6c, 0x75, 0x65,
	0x5f, 0x6b, 0x69, 0x6e, 0x64, 0xad, 0x67, 0x6c, 0x6f, 0x62, 0x61, 0x6c, 0x5f, 0x62, 0x75, 0x66,
	0x66, 0x65, 0x72, 0x86, 0xae, 0x2e, 0x61, 0x64, 0x64, 0x72, 0x65, 0x73, 0x73, 0x5f, 0x73, 0x70,
	0x61, 0x63, 0x65, 0xa6, 0x67, 0x6c, 0x6f, 0x62, 0x61, 0x6c, 0xa9, 0x2e, 0x69, 0x73, 0x5f, 0x63,
	0x6f, 0x6e, 0x73, 0x74, 0xc3, 0xa7, 0x2e, 0x6f, 0x66, 0x66, 0x73, 0x65, 0x74, 0x08, 0xa5, 0x2e,
	0x73, 0x69, 0x7a, 0x65, 0x08, 0xaa, 0x2e, 0x74, 0x79, 0x70, 0x65, 0x5f, 0x6e, 0x61, 0x6d, 0x65,
	0xa8, 0x75, 0x73, 0x68, 0x6f, 0x72, 0x74, 0x38, 0x2a, 0xab, 0x2e, 0x76, 0x61, 0x6c, 0x75, 0x65,
	0x5f, 0x6b, 0x69, 0x6e, 0x64, 0xad, 0x67, 0x6c, 0x6f, 0x62, 0x61, 0x6c, 0x5f, 0x62, 0x75, 0x66,
	0x66, 0x65, 0x72, 0x85, 0xae, 0x2e, 0x61, 0x64, 0x64, 0x72, 0x65, 0x73, 0x73, 0x5f, 0x73, 0x70,
	0x61, 0x63, 0x65, 0xa6, 0x67, 0x6c, 0x6f, 0x62, 0x61, 0x6c, 0xa7, 0x2e, 0x6f, 0x66, 0x66, 0x73,
	0x65, 0x74, 0x10, 0xa5, 0x2e, 0x73, 0x69, 0x7a, 0x65, 0x08, 0xaa, 0x2e, 0x74, 0x79, 0x70, 0x65,
	0x5f, 0x6e, 0x61, 0x6d, 0x65, 0xa7, 0x66, 0x6c, 0x6f, 0x61, 0x74, 0x38, 0x2a, 0xab, 0x2e, 0x76,
	0x61, 0x6c, 0x75, 0x65, 0x5f, 0x6b, 0x69, 0x6e, 0x64, 0xad, 0x67, 0x6c, 0x6f, 0x62, 0x61, 0x6c,
	0x5f, 0x62, 0x75, 0x66, 0x66, 0x65, 0x72, 0xb9, 0x2e, 0x67, 0x72, 0x6f, 0x75, 0x70, 0x5f, 0x73,
	0x65, 0x67, 0x6d, 0x65, 0x6e, 0x74, 0x5f, 0x66, 0x69, 0x78, 0x65, 0x64, 0x5f, 0x73, 0x69, 0x7a,
	0x65, 0x00, 0xb6, 0x2e, 0x6b, 0x65, 0x72, 0x6e, 0x61, 0x72, 0x67, 0x5f, 0x73, 0x65, 0x67, 0x6d,
	0x65, 0x6e, 0x74, 0x5f, 0x61, 0x6c, 0x69, 0x67, 0x6e, 0x08, 0xb5, 0x2e, 0x6b, 0x65, 0x72, 0x6e,
	0x61, 0x72, 0x67, 0x5f, 0x73, 0x65, 0x67, 0x6d, 0x65, 0x6e, 0x74, 0x5f, 0x73, 0x69, 0x7a, 0x65,
	0x18, 0xa9, 0x2e, 0x6c, 0x61, 0x6e, 0x67, 0x75, 0x61, 0x67, 0x65, 0xa8, 0x4f, 0x70, 0x65, 0x6e,
	0x43, 0x4c, 0x20, 0x43, 0xb1, 0x2e, 0x6c, 0x61, 0x6e, 0x67, 0x75, 0x61, 0x67, 0x65, 0x5f, 0x76,
	0x65, 0x72, 0x73, 0x69, 0x6f, 0x6e, 0x92, 0x02, 0x00, 0xb8, 0x2e, 0x6d, 0x61, 0x78, 0x5f, 0x66,
	0x6c, 0x61, 0x74, 0x5f, 0x77, 0x6f, 0x72, 0x6b, 0x67, 0x72, 0x6f, 0x75, 0x70, 0x5f, 0x73, 0x69,
	0x7a, 0x65, 0x20, 0xa5, 0x2e, 0x6e, 0x61, 0x6d, 0x65, 0xa6, 0x77, 0x6d, 0x6d, 0x61, 0x31, 0x36,
	0xbb, 0x2e, 0x70, 0x72, 0x69, 0x76, 0x61, 0x74, 0x65, 0x5f, 0x73, 0x65, 0x67, 0x6d, 0x65, 0x6e,
	0x74, 0x5f, 0x66, 0x69, 0x78, 0x65, 0x64, 0x5f, 0x73, 0x69, 0x7a, 0x65, 0x00, 0xb4, 0x2e, 0x72,
	0x65, 0x71, 0x64, 0x5f, 0x77, 0x6f, 0x72, 0x6b, 0x67, 0x72, 0x6f, 0x75, 0x70, 0x5f, 0x73, 0x69,
	0x7a, 0x65, 0x93, 0x20, 0x01, 0x01, 0xab, 0x2e, 0x73, 0x67, 0x70, 0x72, 0x5f, 0x63, 0x6f, 0x75,
	0x6e, 0x74, 0x08, 0xb1, 0x2e, 0x73, 0x67, 0x70, 0x72, 0x5f, 0x73, 0x70, 0x69, 0x6c, 0x6c, 0x5f,
	0x63, 0x6f, 0x75, 0x6e, 0x74, 0x00, 0xa7, 0x2e, 0x73, 0x79, 0x6d, 0x62, 0x6f, 0x6c, 0xa9, 0x77,
	0x6d, 0x6d, 0x61, 0x31, 0x36, 0x2e, 0x6b, 0x64, 0xb3, 0x2e, 0x75, 0x73, 0x65, 0x73, 0x5f, 0x64,
	0x79, 0x6e, 0x61, 0x6d, 0x69, 0x63, 0x5f, 0x73, 0x74, 0x61, 0x63, 0x6b, 0xc2, 0xab, 0x2e, 0x76,
	0x67, 0x70, 0x72, 0x5f, 0x63, 0x6f, 0x75, 0x6e, 0x74, 0x11, 0xb1, 0x2e, 0x76, 0x67, 0x70, 0x72,
	0x5f, 0x73, 0x70, 0x69, 0x6c, 0x6c, 0x5f, 0x63, 0x6f, 0x75, 0x6e, 0x74, 0x00, 0xaf, 0x2e, 0x77,
	0x61, 0x76, 0x65, 0x66, 0x72, 0x6f, 0x6e, 0x74, 0x5f, 0x73, 0x69, 0x7a, 0x65, 0x20, 0xb9, 0x2e,
	0x77, 0x6f, 0x72, 0x6b, 0x67, 0x72, 0x6f, 0x75, 0x70, 0x5f, 0x70, 0x72, 0x6f, 0x63, 0x65, 0x73,
	0x73, 0x6f, 0x72, 0x5f, 0x6d, 0x6f, 0x64, 0x65, 0x01, 0xde, 0x00, 0x12, 0xa5, 0x2e, 0x61, 0x72,
	0x67, 0x73, 0x94, 0x86, 0xae, 0x2e, 0x61, 0x64, 0x64, 0x72, 0x65, 0x73, 0x73, 0x5f, 0x73, 0x70,
	0x61, 0x63, 0x65, 0xa6, 0x67, 0x6c, 0x6f, 0x62, 0x61, 0x6c, 0xa9, 0x2e, 0x69, 0x73, 0x5f, 0x63,
	0x6f, 0x6e, 0x73, 0x74, 0xc3, 0xa7, 0x2e, 0x6f, 0x66, 0x66, 0x73, 0x65, 0x74, 0x00, 0xa5, 0x2e,
	0x73, 0x69, 0x7a, 0x65, 0x08, 0xaa, 0x2e, 0x74, 0x79, 0x70, 0x65, 0x5f, 0x6e, 0x61, 0x6d, 0x65,
	0xa7, 0x75, 0x73, 0x68, 0x6f, 0x72, 0x74, 0x2a, 0xab, 0x2e, 0x76, 0x61, 0x6c, 0x75, 0x65, 0x5f,
	0x6b, 0x69, 0x6e, 0x64, 0xad, 0x67, 0x6c, 0x6f, 0x62, 0x61, 0x6c, 0x5f, 0x62, 0x75, 0x66, 0x66,
	0x65, 0x72, 0x86, 0xae, 0x2e, 0x61, 0x64, 0x64, 0x72, 0x65, 0x73, 0x73, 0x5f, 0x73, 0x70, 0x61,
	0x63, 0x65, 0xa6, 0x67, 0x6c, 0x6f, 0x62, 0x61, 0x6c, 0xa9, 0x2e, 0x69, 0x73, 0x5f, 0x63, 0x6f,
	0x6e, 0x73, 0x74, 0xc3, 0xa7, 0x2e, 0x6f, 0x66, 0x66, 0x73, 0x65, 0x74, 0x08, 0xa5, 0x2e, 0x73,
	0x69, 0x7a, 0x65, 0x08, 0xaa, 0x2e, 0x74, 0x79, 0x70, 0x65, 0x5f, 0x6e, 0x61, 0x6d, 0x65, 0xa7,
	0x75, 0x73, 0x68, 0x6f, 0x72, 0x74, 0x2a, 0xab, 0x2e, 0x76, 0x61, 0x6c, 0x75, 0x65, 0x5f, 0x6b,
	0x69, 0x6e, 0x64, 0xad, 0x67, 0x6c, 0x6f, 0x62, 0x61, 0x6c, 0x5f, 0x62, 0x75, 0x66, 0x66, 0x65,
	0x72, 0x85, 0xae, 0x2e, 0x61, 0x64, 0x64, 0x72, 0x65, 0x73, 0x73, 0x5f, 0x73, 0x70, 0x61, 0x63,
	0x65, 0xa6, 0x67, 0x6c, 0x6f, 0x62, 0x61, 0x6c, 0xa7, 0x2e, 0x6f, 0x66, 0x66, 0x73, 0x65, 0x74,
	0x10, 0xa5, 0x2e, 0x73, 0x69, 0x7a, 0x65, 0x08, 0xaa, 0x2e, 0x74, 0x79, 0x70, 0x65, 0x5f, 0x6e,
	0x61, 0x6d, 0x65, 0xa6, 0x66, 0x6c, 0x6f, 0x61, 0x74, 0x2a, 0xab, 0x2e, 0x76, 0x61, 0x6c, 0x75,
	0x65, 0x5f, 0x6b, 0x69, 0x6e, 0x64, 0xad, 0x67, 0x6c, 0x6f, 0x62, 0x61, 0x6c, 0x5f, 0x62, 0x75,
	0x66, 0x66, 0x65, 0x72, 0x84, 0xa7, 0x2e, 0x6f, 0x66, 0x66, 0x73, 0x65, 0x74, 0x18, 0xa5, 0x2e,
	0x73, 0x69, 0x7a, 0x65, 0x04, 0xaa, 0x2e, 0x74, 0x79, 0x70, 0x65, 0x5f, 0x6e, 0x61, 0x6d, 0x65,
	0xa4, 0x75, 0x69, 0x6e, 0x74, 0xab, 0x2e, 0x76, 0x61, 0x6c, 0x75, 0x65, 0x5f, 0x6b, 0x69, 0x6e,
	0x64, 0xa8, 0x62, 0x79, 0x5f, 0x76, 0x61, 0x6c, 0x75, 0x65, 0xb9, 0x2e, 0x67, 0x72, 0x6f, 0x75,
	0x70, 0x5f, 0x73, 0x65, 0x67, 0x6d, 0x65, 0x6e, 0x74, 0x5f, 0x66, 0x69, 0x78, 0x65, 0x64, 0x5f,
	0x73, 0x69, 0x7a, 0x65, 0xcd, 0x50, 0x00, 0xb6, 0x2e, 0x6b, 0x65, 0x72, 0x6e, 0x61, 0x72, 0x67,
	0x5f, 0x73, 0x65, 0x67, 0x6d, 0x65, 0x6e, 0x74, 0x5f, 0x61, 0x6c, 0x69, 0x67, 0x6e, 0x08, 0xb5,
	0x2e, 0x6b, 0x65, 0x72, 0x6e, 0x61, 0x72, 0x67, 0x5f, 0x73, 0x65, 0x67, 0x6d, 0x65, 0x6e, 0x74,
	0x5f, 0x73, 0x69, 0x7a, 0x65, 0x1c, 0xa9, 0x2e, 0x6c, 0x61, 0x6e, 0x67, 0x75, 0x61, 0x67, 0x65,
	0xa8, 0x4f, 0x70, 0x65, 0x6e, 0x43, 0x4c, 0x20, 0x43, 0xb1, 0x2e, 0x6c, 0x61, 0x6e, 0x67, 0x75,
	0x61, 0x67, 0x65, 0x5f, 0x76, 0x65, 0x72, 0x73, 0x69, 0x6f, 0x6e, 0x92, 0x02, 0x00, 0xb8, 0x2e,
	0x6d, 0x61, 0x78, 0x5f, 0x66, 0x6c, 0x61, 0x74, 0x5f, 0x77, 0x6f, 0x72, 0x6b, 0x67, 0x72, 0x6f,
	0x75, 0x70, 0x5f, 0x73, 0x69, 0x7a, 0x65, 0xcd, 0x01, 0x00, 0xa5, 0x2e, 0x6e, 0x61, 0x6d, 0x65,
	0xa5, 0x68, 0x67, 0x65, 0x6d, 0x6d, 0xbb, 0x2e, 0x70, 0x72, 0x69, 0x76, 0x61, 0x74, 0x65, 0x5f,
	0x73, 0x65, 0x67, 0x6d, 0x65, 0x6e, 0x74, 0x5f, 0x66, 0x69, 0x78, 0x65, 0x64, 0x5f, 0x73, 0x69,
	0x7a, 0x65, 0x00, 0xb4, 0x2e, 0x72, 0x65, 0x71, 0x64, 0x5f, 0x77, 0x6f, 0x72, 0x6b, 0x67, 0x72,
	0x6f, 0x75, 0x70, 0x5f, 0x73, 0x69, 0x7a, 0x65, 0x93, 0xcd, 0x01, 0x00, 0x01, 0x01, 0xab, 0x2e,
	0x73, 0x67, 0x70, 0x72, 0x5f, 0x63, 0x6f, 0x75, 0x6e, 0x74, 0x0d, 0xb1, 0x2e, 0x73, 0x67, 0x70,
	0x72, 0x5f, 0x73, 0x70, 0x69, 0x6c, 0x6c, 0x5f, 0x63, 0x6f, 0x75, 0x6e, 0x74, 0x00, 0xa7, 0x2e,
	0x73, 0x79, 0x6d, 0x62, 0x6f, 0x6c, 0xa8, 0x68, 0x67, 0x65, 0x6d, 0x6d, 0x2e, 0x6b, 0x64, 0xb3,
	0x2e, 0x75, 0x73, 0x65, 0x73, 0x5f, 0x64, 0x79, 0x6e, 0x61, 0x6d, 0x69, 0x63, 0x5f, 0x73, 0x74,
	0x61, 0x63, 0x6b, 0xc2, 0xab, 0x2e, 0x76, 0x67, 0x70, 0x72, 0x5f, 0x63, 0x6f, 0x75, 0x6e, 0x74,
	0xcc, 0x8d, 0xb1, 0x2e, 0x76, 0x67, 0x70, 0x72, 0x5f, 0x73, 0x70, 0x69, 0x6c, 0x6c, 0x5f, 0x63,
	0x6f, 0x75, 0x6e, 0x74, 0x00, 0xaf, 0x2e, 0x77, 0x61, 0x76, 0x65, 0x66, 0x72, 0x6f, 0x6e, 0x74,
	0x5f, 0x73, 0x69, 0x7a, 0x65, 0x20, 0xb9, 0x2e, 0x77, 0x6f, 0x72, 0x6b, 0x67, 0x72, 0x6f, 0x75,
	0x70, 0x5f, 0x70, 0x72, 0x6f, 0x63, 0x65, 0x73, 0x73, 0x6f, 0x72, 0x5f, 0x6d, 0x6f, 0x64, 0x65,
	0x01, 0xde, 0x00, 0x12, 0xa5, 0x2e, 0x61, 0x72, 0x67, 0x73, 0x94, 0x86, 0xae, 0x2e, 0x61, 0x64,
	0x64, 0x72, 0x65, 0x73, 0x73, 0x5f, 0x73, 0x70, 0x61, 0x63, 0x65, 0xa6, 0x67, 0x6c, 0x6f, 0x62,
	0x61, 0x6c, 0xa9, 0x2e, 0x69, 0x73, 0x5f, 0x63, 0x6f, 0x6e, 0x73, 0x74, 0xc3, 0xa7, 0x2e, 0x6f,
	0x66, 0x66, 0x73, 0x65, 0x74, 0x00, 0xa5, 0x2e, 0x73, 0x69, 0x7a, 0x65, 0x08, 0xaa, 0x2e, 0x74,
	0x79, 0x70, 0x65, 0x5f, 0x6e, 0x61, 0x6d, 0x65, 0xa7, 0x75, 0x73, 0x68, 0x6f, 0x72, 0x74, 0x2a,
	0xab, 0x2e, 0x76, 0x61, 0x6c, 0x75, 0x65, 0x5f, 0x6b, 0x69, 0x6e, 0x64, 0xad, 0x67, 0x6c, 0x6f,
	0x62, 0x61, 0x6c, 0x5f, 0x62, 0x75, 0x66, 0x66, 0x65, 0x72, 0x86, 0xae, 0x2e, 0x61, 0x64, 0x64,
	0x72, 0x65, 0x73, 0x73, 0x5f, 0x73, 0x70, 0x61, 0x63, 0x65, 0xa6, 0x67, 0x6c, 0x6f, 0x62, 0x61,
	0x6c, 0xa9, 0x2e, 0x69, 0x73, 0x5f, 0x63, 0x6f, 0x6e, 0x73, 0x74, 0xc3, 0xa7, 0x2e, 0x6f, 0x66,
	0x66, 0x73, 0x65, 0x74, 0x08, 0xa5, 0x2e, 0x73, 0x69, 0x7a, 0x65, 0x08, 0xaa, 0x2e, 0x74, 0x79,
	0x70, 0x65, 0x5f, 0x6e, 0x61, 0x6d, 0x65, 0xa7, 0x75, 0x73, 0x68, 0x6f, 0x72, 0x74, 0x2a, 0xab,
	0x2e, 0x76, 0x61, 0x6c, 0x75, 0x65, 0x5f, 0x6b, 0x69, 0x6e, 0x64, 0xad, 0x67, 0x6c, 0x6f, 0x62,
	0x61, 0x6c, 0x5f, 0x62, 0x75, 0x66, 0x66, 0x65, 0x72, 0x85, 0xae, 0x2e, 0x61, 0x64, 0x64, 0x72,
	0x65, 0x73, 0x73, 0x5f, 0x73, 0x70, 0x61, 0x63, 0x65, 0xa6, 0x67, 0x6c, 0x6f, 0x62, 0x61, 0x6c,
	0xa7, 0x2e, 0x6f, 0x66, 0x66, 0x73, 0x65, 0x74, 0x10, 0xa5, 0x2e, 0x73, 0x69, 0x7a, 0x65, 0x08,
	0xaa, 0x2e, 0x74, 0x79, 0x70, 0x65, 0x5f, 0x6e, 0x61, 0x6d, 0x65, 0xa6, 0x66, 0x6c, 0x6f, 0x61,
	0x74, 0x2a, 0xab, 0x2e, 0x76, 0x61, 0x6c, 0x75, 0x65, 0x5f, 0x6b, 0x69, 0x6e, 0x64, 0xad, 0x67,
	0x6c, 0x6f, 0x62, 0x61, 0x6c, 0x5f, 0x62, 0x75, 0x66, 0x66, 0x65, 0x72, 0x84, 0xa7, 0x2e, 0x6f,
	0x66, 0x66, 0x73, 0x65, 0x74, 0x18, 0xa5, 0x2e, 0x73, 0x69, 0x7a, 0x65, 0x04, 0xaa, 0x2e, 0x74,
	0x79, 0x70, 0x65, 0x5f, 0x6e, 0x61, 0x6d, 0x65, 0xa4, 0x75, 0x69, 0x6e, 0x74, 0xab, 0x2e, 0x76,
	0x61, 0x6c, 0x75, 0x65, 0x5f, 0x6b, 0x69, 0x6e, 0x64, 0xa8, 0x62, 0x79, 0x5f, 0x76, 0x61, 0x6c,
	0x75, 0x65, 0xb9, 0x2e, 0x67, 0x72, 0x6f, 0x75, 0x70, 0x5f, 0x73, 0x65, 0x67, 0x6d, 0x65, 0x6e,
	0x74, 0x5f, 0x66, 0x69, 0x78, 0x65, 0x64, 0x5f, 0x73, 0x69, 0x7a, 0x65, 0xcd, 0x50, 0x00, 0xb6,
	0x2e, 0x6b, 0x65, 0x72, 0x6e, 0x61, 0x72, 0x67, 0x5f, 0x73, 0x65, 0x67, 0x6d, 0x65, 0x6e, 0x74,
	0x5f, 0x61, 0x6c, 0x69, 0x67, 0x6e, 0x08, 0xb5, 0x2e, 0x6b, 0x65, 0x72, 0x6e, 0x61, 0x72, 0x67,
	0x5f, 0x73, 0x65, 0x67, 0x6d, 0x65, 0x6e, 0x74, 0x5f, 0x73, 0x69, 0x7a, 0x65, 0x1c, 0xa9, 0x2e,
	0x6c, 0x61, 0x6e, 0x67, 0x75, 0x61, 0x67, 0x65, 0xa8, 0x4f, 0x70, 0x65, 0x6e, 0x43, 0x4c, 0x20,
	0x43, 0xb1, 0x2e, 0x6c, 0x61, 0x6e, 0x67, 0x75, 0x61, 0x67, 0x65, 0x5f, 0x76, 0x65, 0x72, 0x73,
	0x69, 0x6f, 0x6e, 0x92, 0x02, 0x00, 0xb8, 0x2e, 0x6d, 0x61, 0x78, 0x5f, 0x66, 0x6c, 0x61, 0x74,
	0x5f, 0x77, 0x6f, 0x72, 0x6b, 0x67, 0x72, 0x6f, 0x75, 0x70, 0x5f, 0x73, 0x69, 0x7a, 0x65, 0xcd,
	0x01, 0x00, 0xa5, 0x2e, 0x6e, 0x61, 0x6d, 0x65, 0xa8, 0x62, 0x66, 0x31, 0x36, 0x67, 0x65, 0x6d,
	0x6d, 0xbb, 0x2e, 0x70, 0x72, 0x69, 0x76, 0x61, 0x74, 0x65, 0x5f, 0x73, 0x65, 0x67, 0x6d, 0x65,
	0x6e, 0x74, 0x5f, 0x66, 0x69, 0x78, 0x65, 0x64, 0x5f, 0x73, 0x69, 0x7a, 0x65, 0x00, 0xb4, 0x2e,
	0x72, 0x65, 0x71, 0x64, 0x5f, 0x77, 0x6f, 0x72, 0x6b, 0x67, 0x72, 0x6f, 0x75, 0x70, 0x5f, 0x73,
	0x69, 0x7a, 0x65, 0x93, 0xcd, 0x01, 0x00, 0x01, 0x01, 0xab, 0x2e, 0x73, 0x67, 0x70, 0x72, 0x5f,
	0x63, 0x6f, 0x75, 0x6e, 0x74, 0x0d, 0xb1, 0x2e, 0x73, 0x67, 0x70, 0x72, 0x5f, 0x73, 0x70, 0x69,
	0x6c, 0x6c, 0x5f, 0x63, 0x6f, 0x75, 0x6e, 0x74, 0x00, 0xa7, 0x2e, 0x73, 0x79, 0x6d, 0x62, 0x6f,
	0x6c, 0xab, 0x62, 0x66, 0x31, 0x36, 0x67, 0x65, 0x6d, 0x6d, 0x2e, 0x6b, 0x64, 0xb3, 0x2e, 0x75,
	0x73, 0x65, 0x73, 0x5f, 0x64, 0x79, 0x6e, 0x61, 0x6d, 0x69, 0x63, 0x5f, 0x73, 0x74, 0x61, 0x63,
	0x6b, 0xc2, 0xab, 0x2e, 0x76, 0x67, 0x70, 0x72, 0x5f, 0x63, 0x6f, 0x75, 0x6e, 0x74, 0xcc, 0x8d,
	0xb1, 0x2e, 0x76, 0x67, 0x70, 0x72, 0x5f, 0x73, 0x70, 0x69, 0x6c, 0x6c, 0x5f, 0x63, 0x6f, 0x75,
	0x6e, 0x74, 0x00, 0xaf, 0x2e, 0x77, 0x61, 0x76, 0x65, 0x66, 0x72, 0x6f, 0x6e, 0x74, 0x5f, 0x73,
	0x69, 0x7a, 0x65, 0x20, 0xb9, 0x2e, 0x77, 0x6f, 0x72, 0x6b, 0x67, 0x72, 0x6f, 0x75, 0x70, 0x5f,
	0x70, 0x72, 0x6f, 0x63, 0x65, 0x73, 0x73, 0x6f, 0x72, 0x5f, 0x6d, 0x6f, 0x64, 0x65, 0x01, 0xde,
	0x00, 0x12, 0xa5, 0x2e, 0x61, 0x72, 0x67, 0x73, 0x94, 0x85, 0xae, 0x2e, 0x61, 0x64, 0x64, 0x72,
	0x65, 0x73, 0x73, 0x5f, 0x73, 0x70, 0x61, 0x63, 0x65, 0xa6, 0x67, 0x6c, 0x6f, 0x62, 0x61, 0x6c,
	0xa7, 0x2e, 0x6f, 0x66, 0x66, 0x73, 0x65, 0x74, 0x00, 0xa5, 0x2e, 0x73, 0x69, 0x7a, 0x65, 0x08,
	0xaa, 0x2e, 0x74, 0x79, 0x70, 0x65, 0x5f, 0x6e, 0x61, 0x6d, 0x65, 0xa5, 0x75, 0x69, 0x6e, 0x74,
	0x2a, 0xab, 0x2e, 0x76, 0x61, 0x6c, 0x75, 0x65, 0x5f, 0x6b, 0x69, 0x6e, 0x64, 0xad, 0x67, 0x6c,
	0x6f, 0x62, 0x61, 0x6c, 0x5f, 0x62, 0x75, 0x66, 0x66, 0x65, 0x72, 0x84, 0xa7, 0x2e, 0x6f, 0x66,
	0x66, 0x73, 0x65, 0x74, 0x08, 0xa5, 0x2e, 0x73, 0x69, 0x7a, 0x65, 0x04, 0xaa, 0x2e, 0x74, 0x79,
	0x70, 0x65, 0x5f, 0x6e, 0x61, 0x6d, 0x65, 0xa4, 0x75, 0x69, 0x6e, 0x74, 0xab, 0x2e, 0x76, 0x61,
	0x6c, 0x75, 0x65, 0x5f, 0x6b, 0x69, 0x6e, 0x64, 0xa8, 0x62, 0x79, 0x5f, 0x76, 0x61, 0x6c, 0x75,
	0x65, 0x84, 0xa7, 0x2e, 0x6f, 0x66, 0x66, 0x73, 0x65, 0x74, 0x0c, 0xa5, 0x2e, 0x73, 0x69, 0x7a,
	0x65, 0x04, 0xaa, 0x2e, 0x74, 0x79, 0x70, 0x65, 0x5f, 0x6e, 0x61, 0x6d, 0x65, 0xa4, 0x75, 0x69,
	0x6e, 0x74, 0xab, 0x2e, 0x76, 0x61, 0x6c, 0x75, 0x65, 0x5f, 0x6b, 0x69, 0x6e, 0x64, 0xa8, 0x62,
	0x79, 0x5f, 0x76, 0x61, 0x6c, 0x75, 0x65, 0x84, 0xa7, 0x2e, 0x6f, 0x66, 0x66, 0x73, 0x65, 0x74,
	0x10, 0xa5, 0x2e, 0x73, 0x69, 0x7a, 0x65, 0x04, 0xaa, 0x2e, 0x74, 0x79, 0x70, 0x65, 0x5f, 0x6e,
	0x61, 0x6d, 0x65, 0xa4, 0x75, 0x69, 0x6e, 0x74, 0xab, 0x2e, 0x76, 0x61, 0x6c, 0x75, 0x65, 0x5f,
	0x6b, 0x69, 0x6e, 0x64, 0xa8, 0x62, 0x79, 0x5f, 0x76, 0x61, 0x6c, 0x75, 0x65, 0xb9, 0x2e, 0x67,
	0x72, 0x6f, 0x75, 0x70, 0x5f, 0x73, 0x65, 0x67, 0x6d, 0x65, 0x6e, 0x74, 0x5f, 0x66, 0x69, 0x78,
	0x65, 0x64, 0x5f, 0x73, 0x69, 0x7a, 0x65, 0x00, 0xb6, 0x2e, 0x6b, 0x65, 0x72, 0x6e, 0x61, 0x72,
	0x67, 0x5f, 0x73, 0x65, 0x67, 0x6d, 0x65, 0x6e, 0x74, 0x5f, 0x61, 0x6c, 0x69, 0x67, 0x6e, 0x08,
	0xb5, 0x2e, 0x6b, 0x65, 0x72, 0x6e, 0x61, 0x72, 0x67, 0x5f, 0x73, 0x65, 0x67, 0x6d, 0x65, 0x6e,
	0x74, 0x5f, 0x73, 0x69, 0x7a, 0x65, 0x14, 0xa9, 0x2e, 0x6c, 0x61, 0x6e, 0x67, 0x75, 0x61, 0x67,
	0x65, 0xa8, 0x4f, 0x70, 0x65, 0x6e, 0x43, 0x4c, 0x20, 0x43, 0xb1, 0x2e, 0x6c, 0x61, 0x6e, 0x67,
	0x75, 0x61, 0x67, 0x65, 0x5f, 0x76, 0x65, 0x72, 0x73, 0x69, 0x6f, 0x6e, 0x92, 0x02, 0x00, 0xb8,
	0x2e, 0x6d, 0x61, 0x78, 0x5f, 0x66, 0x6c, 0x61, 0x74, 0x5f, 0x77, 0x6f, 0x72, 0x6b, 0x67, 0x72,
	0x6f, 0x75, 0x70, 0x5f, 0x73, 0x69, 0x7a, 0x65, 0xcd, 0x01, 0x00, 0xa5, 0x2e, 0x6e, 0x61, 0x6d,
	0x65, 0xaa, 0x6d, 0x61, 0x6e, 0x64, 0x65, 0x6c, 0x62, 0x72, 0x6f, 0x74, 0xbb, 0x2e, 0x70, 0x72,
	0x69, 0x76, 0x61, 0x74, 0x65, 0x5f, 0x73, 0x65, 0x67, 0x6d, 0x65, 0x6e, 0x74, 0x5f, 0x66, 0x69,
	0x78, 0x65, 0x64, 0x5f, 0x73, 0x69, 0x7a, 0x65, 0x00, 0xb4, 0x2e, 0x72, 0x65, 0x71, 0x64, 0x5f,
	0x77, 0x6f, 0x72, 0x6b, 0x67, 0x72, 0x6f, 0x75, 0x70, 0x5f, 0x73, 0x69, 0x7a, 0x65, 0x93, 0x10,
	0x10, 0x01, 0xab, 0x2e, 0x73, 0x67, 0x70, 0x72, 0x5f, 0x63, 0x6f, 0x75, 0x6e, 0x74, 0x26, 0xb1,
	0x2e, 0x73, 0x67, 0x70, 0x72, 0x5f, 0x73, 0x70, 0x69, 0x6c, 0x6c, 0x5f, 0x63, 0x6f, 0x75, 0x6e,
	0x74, 0x00, 0xa7, 0x2e, 0x73, 0x79, 0x6d, 0x62, 0x6f, 0x6c, 0xad, 0x6d, 0x61, 0x6e, 0x64, 0x65,
	0x6c, 0x62, 0x72, 0x6f, 0x74, 0x2e, 0x6b, 0x64, 0xb3, 0x2e, 0x75, 0x73, 0x65, 0x73, 0x5f, 0x64,
	0x79, 0x6e, 0x61, 0x6d, 0x69, 0x63, 0x5f, 0x73, 0x74, 0x61, 0x63, 0x6b, 0xc2, 0xab, 0x2e, 0x76,
	0x67, 0x70, 0x72, 0x5f, 0x63, 0x6f, 0x75, 0x6e, 0x74, 0x0a, 0xb1, 0x2e, 0x76, 0x67, 0x70, 0x72,
	0x5f, 0x73, 0x70, 0x69, 0x6c, 0x6c, 0x5f, 0x63, 0x6f, 0x75, 0x6e, 0x74, 0x00, 0xaf, 0x2e, 0x77,
	0x61, 0x76, 0x65, 0x66, 0x72, 0x6f, 0x6e, 0x74, 0x5f, 0x73, 0x69, 0x7a, 0x65, 0x20, 0xb9, 0x2e,
	0x77, 0x6f, 0x72, 0x6b, 0x67, 0x72, 0x6f, 0x75, 0x70, 0x5f, 0x70, 0x72, 0x6f, 0x63, 0x65, 0x73,
	0x73, 0x6f, 0x72, 0x5f, 0x6d, 0x6f, 0x64, 0x65, 0x01, 0xad, 0x61, 0x6d, 0x64, 0x68, 0x73, 0x61,
	0x2e, 0x74, 0x61, 0x72, 0x67, 0x65, 0x74, 0xba, 0x61, 0x6d, 0x64, 0x67, 0x63, 0x6e, 0x2d, 0x61,
	0x6d, 0x64, 0x2d, 0x61, 0x6d, 0x64, 0x68, 0x73, 0x61, 0x2d, 0x2d, 0x67, 0x66, 0x78, 0x31, 0x32,
	0x30, 0x31, 0xae, 0x61, 0x6d, 0x64, 0x68, 0x73, 0x61, 0x2e, 0x76, 0x65, 0x72, 0x73, 0x69, 0x6f,
	0x6e, 0x92, 0x01, 0x02, 0x00, 0x00, 0x00, 0x00, 0x00, 0x00, 0x00, 0x00, 0x00, 0x00, 0x00, 0x00,
	0x00, 0x00, 0x00, 0x00, 0x00, 0x00, 0x00, 0x00, 0x00, 0x00, 0x00, 0x00, 0x00, 0x00, 0x00, 0x00,
	0x01, 0x00, 0x00, 0x00, 0x12, 0x03, 0x07, 0x00, 0x00, 0x29, 0x00, 0x00, 0x00, 0x00, 0x00, 0x00,
	0xcc, 0x00, 0x00, 0x00, 0x00, 0x00, 0x00, 0x00, 0x0d, 0x00, 0x00, 0x00, 0x11, 0x03, 0x06, 0x00,
	0x00, 0x17, 0x00, 0x00, 0x00, 0x00, 0x00, 0x00, 0x40, 0x00, 0x00, 0x00, 0x00, 0x00, 0x00, 0x00,
	0x1c, 0x00, 0x00, 0x00, 0x12, 0x03, 0x07, 0x00, 0x00, 0x2a, 0x00, 0x00, 0x00, 0x00, 0x00, 0x00,
	0x64, 0x00, 0x00, 0x00, 0x00, 0x00, 0x00, 0x00, 0x21, 0x00, 0x00, 0x00, 0x11, 0x03, 0x06, 0x00,
	0x40, 0x17, 0x00, 0x00, 0x00, 0x00, 0x00, 0x00, 0x40, 0x00, 0x00, 0x00, 0x00, 0x00, 0x00, 0x00,
	0x29, 0x00, 0x00, 0x00, 0x12, 0x03, 0x07, 0x00, 0x00, 0x2b, 0x00, 0x00, 0x00, 0x00, 0x00, 0x00,
	0x04, 0x0d, 0x00, 0x00, 0x00, 0x00, 0x00, 0x00, 0x49, 0x00, 0x00, 0x00, 0x12, 0x03, 0x07, 0x00,
	0x00, 0x3a, 0x00, 0x00, 0x00, 0x00, 0x00, 0x00, 0x30, 0x0f, 0x00, 0x00, 0x00, 0x00, 0x00, 0x00,
	0x61, 0x00, 0x00, 0x00, 0x11, 0x03, 0x06, 0x00, 0x40, 0x18, 0x00, 0x00, 0x00, 0x00, 0x00, 0x00,
	0x40, 0x00, 0x00, 0x00, 0x00, 0x00, 0x00, 0x00, 0x6d, 0x00, 0x00, 0x00, 0x12, 0x03, 0x07, 0x00,
	0x00, 0x5a, 0x00, 0x00, 0x00, 0x00, 0x00, 0x00, 0xfc, 0x06, 0x00, 0x00, 0x00, 0x00, 0x00, 0x00,
	0x2f, 0x00, 0x00, 0x00, 0x11, 0x03, 0x06, 0x00, 0x80, 0x17, 0x00, 0x00, 0x00, 0x00, 0x00, 0x00,
	0x40, 0x00, 0x00, 0x00, 0x00, 0x00, 0x00, 0x00, 0x38, 0x00, 0x00, 0x00, 0x12, 0x03, 0x07, 0x00,
	0x00, 0x39, 0x00, 0x00, 0x00, 0x00, 0x00, 0x00, 0x8c, 0x00, 0x00, 0x00, 0x00, 0x00, 0x00, 0x00,
	0x3f, 0x00, 0x00, 0x00, 0x11, 0x03, 0x06, 0x00, 0xc0, 0x17, 0x00, 0x00, 0x00, 0x00, 0x00, 0x00,
	0x40, 0x00, 0x00, 0x00, 0x00, 0x00, 0x00, 0x00, 0x78, 0x00, 0x00, 0x00, 0x11, 0x03, 0x06, 0x00,
	0x80, 0x18, 0x00, 0x00, 0x00, 0x00, 0x00, 0x00, 0x40, 0x00, 0x00, 0x00, 0x00, 0x00, 0x00, 0x00,
	0x4f, 0x00, 0x00, 0x00, 0x11, 0x03, 0x06, 0x00, 0x00, 0x18, 0x00, 0x00, 0x00, 0x00, 0x00, 0x00,
	0x40, 0x00, 0x00, 0x00, 0x00, 0x00, 0x00, 0x00, 0x58, 0x00, 0x00, 0x00, 0x12, 0x03, 0x07, 0x00,
	0x00, 0x4a, 0x00, 0x00, 0x00, 0x00, 0x00, 0x00, 0x30, 0x0f, 0x00, 0x00, 0x00, 0x00, 0x00, 0x00,
	0x03, 0x00, 0x00, 0x00, 0x01, 0x00, 0x00, 0x00, 0x04, 0x00, 0x00, 0x00, 0x1a, 0x00, 0x00, 0x00,
	0x18, 0x00, 0x80, 0x88, 0x01, 0x00, 0x00, 0x44, 0x00, 0x04, 0x00, 0x08, 0x04, 0x00, 0x10, 0x00,
	0x09, 0x20, 0x00, 0x01, 0x40, 0x01, 0x09, 0x80, 0x00, 0x02, 0x80, 0x00, 0x00, 0x01, 0x10, 0x60,
	0x01, 0x00, 0x00, 0x00, 0x09, 0x00, 0x00, 0x00, 0x0d, 0x00, 0x00, 0x00, 0x82, 0x6a, 0x94, 0xfe,
	0x80, 0xd1, 0x7c, 0xa0, 0x20, 0x40, 0x95, 0x7c, 0xfc, 0x9d, 0x9f, 0xd3, 0x3e, 0x39, 0x5a, 0x10,
	0xb2, 0x2b, 0x93, 0x0f, 0xd6, 0x05, 0x0a, 0xa3, 0x8d, 0xbe, 0xd0, 0x9a, 0x5a, 0x6a, 0x7e, 0x89,
	0xfe, 0xbe, 0x66, 0x25, 0x1a, 0x18, 0x62, 0x5c, 0x4b, 0x21, 0x4e, 0xd1, 0xb0, 0x44, 0xaa, 0x62,
	0x3b, 0x26, 0xf3, 0x0e, 0x0f, 0x00, 0x00, 0x00, 0x0f, 0x00, 0x00, 0x00, 0x09, 0x00, 0x00, 0x00,
	0x0e, 0x00, 0x00, 0x00, 0x0b, 0x00, 0x00, 0x00, 0x07, 0x00, 0x00, 0x00, 0x00, 0x00, 0x00, 0x00,
	0x00, 0x00, 0x00, 0x00, 0x0d, 0x00, 0x00, 0x00, 0x00, 0x00, 0x00, 0x00, 0x03, 0x00, 0x00, 0x00,
	0x00, 0x00, 0x00, 0x00, 0x00, 0x00, 0x00, 0x00, 0x00, 0x00, 0x00, 0x00, 0x0a, 0x00, 0x00, 0x00,
	0x0c, 0x00, 0x00, 0x00, 0x08, 0x00, 0x00, 0x00, 0x00, 0x00, 0x00, 0x00, 0x00, 0x00, 0x00, 0x00,
	0x00, 0x00, 0x00, 0x00, 0x00, 0x00, 0x00, 0x00, 0x00, 0x00, 0x00, 0x00, 0x00, 0x00, 0x00, 0x00,
	0x00, 0x00, 0x00, 0x00, 0x00, 0x00, 0x00, 0x00, 0x00, 0x00, 0x00, 0x00, 0x01, 0x00, 0x00, 0x00,
	0x05, 0x00, 0x00, 0x00, 0x00, 0x00, 0x00, 0x00, 0x02, 0x00, 0x00, 0x00, 0x04, 0x00, 0x00, 0x00,
	0x06, 0x00, 0x00, 0x00, 0x00, 0x6c, 0x64, 0x73, 0x5f, 0x72, 0x65, 0x76, 0x65, 0x72, 0x73, 0x65,
	0x00, 0x6c, 0x64, 0x73, 0x5f, 0x72, 0x65, 0x76, 0x65, 0x72, 0x73, 0x65, 0x2e, 0x6b, 0x64, 0x00,
	0x63, 0x6f, 0x70, 0x79, 0x00, 0x63, 0x6f, 0x70, 0x79, 0x2e, 0x6b, 0x64, 0x00, 0x73, 0x67, 0x65,
	0x6d, 0x6d, 0x00, 0x73, 0x67, 0x65, 0x6d, 0x6d, 0x2e, 0x6b, 0x64, 0x00, 0x77, 0x6d, 0x6d, 0x61,
	0x31, 0x36, 0x00, 0x77, 0x6d, 0x6d, 0x61, 0x31, 0x36, 0x2e, 0x6b, 0x64, 0x00, 0x68, 0x67, 0x65,
	0x6d, 0x6d, 0x00, 0x68, 0x67, 0x65, 0x6d, 0x6d, 0x2e, 0x6b, 0x64, 0x00, 0x62, 0x66, 0x31, 0x36,
	0x67, 0x65, 0x6d, 0x6d, 0x00, 0x62, 0x66, 0x31, 0x36, 0x67, 0x65, 0x6d, 0x6d, 0x2e, 0x6b, 0x64,
	0x00, 0x6d, 0x61, 0x6e, 0x64, 0x65, 0x6c, 0x62, 0x72, 0x6f, 0x74, 0x00, 0x6d, 0x61, 0x6e, 0x64,
	0x65, 0x6c, 0x62, 0x72, 0x6f, 0x74, 0x2e, 0x6b, 0x64, 0x00, 0x00, 0x00, 0x00, 0x00, 0x00, 0x00,
	0x00, 0x01, 0x00, 0x00, 0x00, 0x00, 0x00, 0x00, 0x18, 0x00, 0x00, 0x00, 0x00, 0x00, 0x00, 0x00,
	0x00, 0x12, 0x00, 0x00, 0x00, 0x00, 0x00, 0x00, 0x00, 0x00, 0x00, 0x00, 0x00, 0x00, 0x00, 0x00,
	0x00, 0x00, 0x00, 0x00, 0x00, 0x00, 0x00, 0x00, 0x00, 0x00, 0x00, 0x00, 0x00, 0x00, 0x00, 0x00,
	0x40, 0x00, 0x0f, 0x60, 0x84, 0x00, 0x00, 0x00, 0x08, 0x04, 0x00, 0x00, 0x00, 0x00, 0x00, 0x00,
	0x00, 0x00, 0x00, 0x00, 0x00, 0x00, 0x00, 0x00, 0x10, 0x00, 0x00, 0x00, 0x00, 0x00, 0x00, 0x00,
	0xc0, 0x12, 0x00, 0x00, 0x00, 0x00, 0x00, 0x00, 0x00, 0x00, 0x00, 0x00, 0x00, 0x00, 0x00, 0x00,
	0x00, 0x00, 0x00, 0x00, 0x00, 0x00, 0x00, 0x00, 0x00, 0x00, 0x00, 0x00, 0x00, 0x00, 0x00, 0x00,
	0x00, 0x00, 0x0f, 0x60, 0x84, 0x00, 0x00, 0x00, 0x08, 0x04, 0x00, 0x00, 0x00, 0x00, 0x00, 0x00,
	0x80, 0x20, 0x00, 0x00, 0x00, 0x00, 0x00, 0x00, 0x1c, 0x00, 0x00, 0x00, 0x00, 0x00, 0x00, 0x00,
	0x80, 0x13, 0x00, 0x00, 0x00, 0x00, 0x00, 0x00, 0x00, 0x00, 0x00, 0x00, 0x00, 0x00, 0x00, 0x00,
	0x00, 0x00, 0x00, 0x00, 0x00, 0x00, 0x00, 0x00, 0x00, 0x00, 0x00, 0x00, 0x00, 0x00, 0x00, 0x00,
	0x4b, 0x00, 0x0f, 0x60, 0x84, 0x09, 0x00, 0x00, 0x08, 0x04, 0x00, 0x00, 0x00, 0x00, 0x00, 0x00,
	0x00, 0x00, 0x00, 0x00, 0x00, 0x00, 0x00, 0x00, 0x18, 0x00, 0x00, 0x00, 0x00, 0x00, 0x00, 0x00,
	0x40, 0x21, 0x00, 0x00, 0x00, 0x00, 0x00, 0x00, 0x00, 0x00, 0x00, 0x00, 0x00, 0x00, 0x00, 0x00,
	0x00, 0x00, 0x00, 0x00, 0x00, 0x00, 0x00, 0x00, 0x00, 0x00, 0x00, 0x00, 0x00, 0x00, 0x00, 0x00,
	0x02, 0x00, 0x0f, 0x60, 0x84, 0x00, 0x00, 0x00, 0x08, 0x04, 0x00, 0x00, 0x00, 0x00, 0x00, 0x00,
	0x00, 0x50, 0x00, 0x00, 0x00, 0x00, 0x00, 0x00, 0x1c, 0x00, 0x00, 0x00, 0x00, 0x00, 0x00, 0x00,
	0x00, 0x22, 0x00, 0x00, 0x00, 0x00, 0x00, 0x00, 0x00, 0x00, 0x00, 0x00, 0x00, 0x00, 0x00, 0x00,
	0x00, 0x00, 0x00, 0x00, 0x00, 0x00, 0x00, 0x00, 0x00, 0x00, 0x00, 0x00, 0x00, 0x00, 0x00, 0x00,
	0x51, 0x00, 0x0f, 0x60, 0x84, 0x01, 0x00, 0x00, 0x08, 0x04, 0x00, 0x00, 0x00, 0x00, 0x00, 0x00,
	0x00, 0x50, 0x00, 0x00, 0x00, 0x00, 0x00, 0x00, 0x1c, 0x00, 0x00, 0x00, 0x00, 0x00, 0x00, 0x00,
	0xc0, 0x31, 0x00, 0x00, 0x00, 0x00, 0x00, 0x00, 0x00, 0x00, 0x00, 0x00, 0x00, 0x00, 0x00, 0x00,
	0x00, 0x00, 0x00, 0x00, 0x00, 0x00, 0x00, 0x00, 0x00, 0x00, 0x00, 0x00, 0x00, 0x00, 0x00, 0x00,
	0x51, 0x00, 0x0f, 0x60, 0x84, 0x01, 0x00, 0x00, 0x08, 0x04, 0x00, 0x00, 0x00, 0x00, 0x00, 0x00,
	0x00, 0x00, 0x00, 0x00, 0x00, 0x00, 0x00, 0x00, 0x14, 0x00, 0x00, 0x00, 0x00, 0x00, 0x00, 0x00,
	0x80, 0x41, 0x00, 0x00, 0x00, 0x00, 0x00, 0x00, 0x00, 0x00, 0x00, 0x00, 0x00, 0x00, 0x00, 0x00,
	0x00, 0x00, 0x00, 0x00, 0x00, 0x00, 0x00, 0x00, 0x00, 0x00, 0x00, 0x00, 0x00, 0x00, 0x00, 0x00,
	0x01, 0x01, 0x0f, 0x60, 0x84, 0x09, 0x00, 0x00, 0x08, 0x04, 0x00, 0x00, 0x00, 0x00, 0x00, 0x00,
	0xf4, 0x01, 0x00, 0x00, 0x00, 0x00, 0x00, 0x00, 0x00, 0x00, 0x00, 0x00, 0x00, 0x00, 0x00, 0x00,
	0x00, 0x00, 0x00, 0x00, 0x00, 0x00, 0x00, 0x00, 0x00, 0x00, 0x00, 0x00, 0x00, 0x00, 0x00, 0x00,
	0x00, 0x00, 0x00, 0x00, 0x00, 0x00, 0x00, 0x00, 0x00, 0x00, 0x00, 0x00, 0x00, 0x00, 0x00, 0x00,
	0x00, 0x00, 0x00, 0x00, 0x00, 0x00, 0x00, 0x00, 0x00, 0x00, 0x00, 0x00, 0x00, 0x00, 0x00, 0x00,
	0x00, 0x41, 0x00, 0xf4, 0x00, 0x00, 0x00, 0xf8, 0x80, 0x02, 0x04, 0x7e, 0x01, 0x00, 0x56, 0xd6,
	0x75, 0x0c, 0x01, 0x04, 0x82, 0x00, 0x00, 0x30, 0x00, 0x20, 0x00, 0xf4, 0x10, 0x00, 0x00, 0xf8,
	0xa2, 0x00, 0x87, 0xbf, 0x82, 0x02, 0x02, 0x3e, 0x00, 0x00, 0xc7, 0xbf, 0x03, 0x6a, 0x00, 0xd7,
	0x04, 0x02, 0x02, 0x00, 0x02, 0x00, 0x87, 0xbf, 0x05, 0x04, 0x08, 0x40, 0x7c, 0x00, 0x05, 0xee,
	0x05, 0x00, 0x00, 0x00, 0x03, 0x00, 0x00, 0x00, 0x03, 0x6a, 0x00, 0xd7, 0x06, 0x02, 0x02, 0x00,
	0x07, 0x04, 0x08, 0x40, 0x00, 0x00, 0xc0, 0xbf, 0x00, 0x00, 0x34, 0xd8, 0x00, 0x05, 0x00, 0x00,
	0x7c, 0x00, 0x0b, 0xee, 0x00, 0x00, 0x04, 0x00, 0x00, 0x00, 0x00, 0x00, 0x00, 0x00, 0xc6, 0xbf,
	0xc1, 0x4e, 0x80, 0xbe, 0xff, 0xff, 0x94, 0xbf, 0x7c, 0xc0, 0x0a, 0xee, 0x00, 0x00, 0x04, 0x00,
	0x00, 0x00, 0x00, 0x00, 0x7c, 0x00, 0x05, 0xee, 0x03, 0x00, 0x00, 0x00, 0x03, 0x00, 0x00, 0x00,
	0xff, 0x00, 0x00, 0x3a, 0xfc, 0x00, 0x00, 0x00, 0x00, 0x00, 0xd8, 0xd8, 0x00, 0x00, 0x00, 0x00,
	0x00, 0x00, 0xc8, 0xbf, 0x03, 0x01, 0x06, 0x4a, 0x00, 0x6a, 0x00, 0xd7, 0x00, 0x02, 0x02, 0x00,
	0x01, 0x04, 0x02, 0x40, 0x7c, 0x80, 0x06, 0xee, 0x00, 0x00, 0x80, 0x01, 0x00, 0x00, 0x00, 0x00,
	0x00, 0x00, 0x80, 0xbf, 0x03, 0x00, 0xb6, 0xbf, 0x00, 0x00, 0xb0, 0xbf, 0x00, 0x00, 0x80, 0xbf,
	0x00, 0x00, 0x80, 0xbf, 0x00, 0x00, 0x80, 0xbf, 0x00, 0x00, 0x80, 0xbf, 0x00, 0x00, 0x80, 0xbf,
	0x00, 0x00, 0x80, 0xbf, 0x00, 0x00, 0x80, 0xbf, 0x00, 0x00, 0x80, 0xbf, 0x00, 0x00, 0x80, 0xbf,
	0x00, 0x00, 0x80, 0xbf, 0x00, 0x00, 0x80, 0xbf, 0x00, 0x00, 0x80, 0xbf, 0x00, 0x00, 0x80, 0xbf,
	0x00, 0x40, 0x00, 0xf4, 0x00, 0x00, 0x00, 0xf8, 0x80, 0x02, 0x02, 0x7e, 0x00, 0x00, 0x56, 0xd6,
	0x75, 0x10, 0x01, 0x04, 0xa1, 0x00, 0x87, 0xbf, 0x84, 0x00, 0x08, 0x3e, 0x00, 0x00, 0xc7, 0xbf,
	0x00, 0x6a, 0x00, 0xd7, 0x00, 0x08, 0x02, 0x00, 0x02, 0x00, 0x87, 0xbf, 0x01, 0x0a, 0x02, 0x40,
	0x04, 0x6a, 0x00, 0xd7, 0x02, 0x08, 0x02, 0x00, 0x03, 0x0a, 0x0a, 0x40, 0x7c, 0xc0, 0x05, 0xee,
	0x00, 0x00, 0x00, 0x00, 0x00, 0x00, 0x00, 0x00, 0x00, 0x00, 0xc0, 0xbf, 0x7c, 0x40, 0x07, 0xee,
	0x00, 0x00, 0x00, 0x00, 0x04, 0x00, 0x00, 0x00, 0x00, 0x00, 0x80, 0xbf, 0x03, 0x00, 0xb6, 0xbf,
	0x00, 0x00, 0xb0, 0xbf, 0x00, 0x00, 0x80, 0xbf, 0x00, 0x00, 0x80, 0xbf, 0x00, 0x00, 0x80, 0xbf,
	0x00, 0x00, 0x80, 0xbf, 0x00, 0x00, 0x80, 0xbf, 0x00, 0x00, 0x80, 0xbf, 0x00, 0x00, 0x80, 0xbf,
	0x00, 0x00, 0x80, 0xbf, 0x00, 0x00, 0x80, 0xbf, 0x00, 0x00, 0x80, 0xbf, 0x00, 0x00, 0x80, 0xbf,
	0x00, 0x00, 0x80, 0xbf, 0x00, 0x00, 0x80, 0xbf, 0x00, 0x00, 0x80, 0xbf, 0x00, 0x00, 0x80, 0xbf,
	0x00, 0x00, 0x80, 0xbf, 0x00, 0x00, 0x80, 0xbf, 0x00, 0x00, 0x80, 0xbf, 0x00, 0x00, 0x80, 0xbf,
	0x00, 0x00, 0x80, 0xbf, 0x00, 0x00, 0x80, 0xbf, 0x00, 0x00, 0x80, 0xbf, 0x00, 0x00, 0x80, 0xbf,
	0x00, 0x00, 0x80, 0xbf, 0x00, 0x00, 0x80, 0xbf, 0x00, 0x00, 0x80, 0xbf, 0x00, 0x00, 0x80, 0xbf,
	0x00, 0x00, 0x80, 0xbf, 0x00, 0x00, 0x80, 0xbf, 0x00, 0x00, 0x80, 0xbf, 0x00, 0x00, 0x80, 0xbf,
	0x00, 0x00, 0x80, 0xbf, 0x00, 0x00, 0x80, 0xbf, 0x00, 0x00, 0x80, 0xbf, 0x00, 0x00, 0x80, 0xbf,
	0x00, 0x00, 0x80, 0xbf, 0x00, 0x00, 0x80, 0xbf, 0x00, 0x00, 0x80, 0xbf, 0x00, 0x00, 0x80, 0xbf,
	0x01, 0x00, 0x85, 0xbf, 0x00, 0xa1, 0x00, 0xf4, 0x10, 0x00, 0x00, 0xf8, 0x00, 0x40, 0x00, 0xf4,
	0x00, 0x00, 0x00, 0xf8, 0x13, 0x00, 0x10, 0xd6, 0x00, 0x15, 0x29, 0x02, 0xff, 0x00, 0x24, 0x36,
	0xff, 0x03, 0x00, 0x00, 0x73, 0x86, 0x08, 0x84, 0x75, 0x86, 0x07, 0x84, 0x80, 0x00, 0x89, 0xbe,
	0x00, 0x00, 0xc7, 0xbf, 0x06, 0x80, 0x06, 0xbf, 0x86, 0x02, 0xa2, 0xbf, 0x00, 0x00, 0x46, 0xd6,
	0x13, 0x09, 0x49, 0x04, 0x8f, 0x24, 0x08, 0x36, 0x80, 0x00, 0x22, 0xca, 0x82, 0x26, 0x20, 0x17,
	0x21, 0x00, 0x46, 0xd6, 0x12, 0x05, 0xfd, 0x03, 0x40, 0x10, 0x00, 0x00, 0x04, 0x00, 0x87, 0xbf,
	0xff, 0x00, 0x06, 0x4a, 0x00, 0x01, 0x00, 0x00, 0x84, 0x00, 0x04, 0x32, 0xff, 0x00, 0x0c, 0x4a,
	0x00, 0x02, 0x00, 0x00, 0xbf, 0x00, 0x02, 0x36, 0x86, 0x00, 0x0a, 0x32, 0x84, 0x06, 0x10, 0x32,
	0x08, 0x04, 0x0e, 0x4a, 0x82, 0x04, 0x04, 0x30, 0x86, 0x06, 0x06, 0x32, 0x84, 0x0c, 0x16, 0x32,
	0x82, 0x10, 0x18, 0x30, 0x86, 0x0c, 0x0c, 0x32, 0xff, 0x00, 0x00, 0x4a, 0x00, 0x03, 0x00, 0x00,
	0x18, 0x00, 0x0b, 0xd6, 0xff, 0x08, 0x0a, 0x04, 0x04, 0x01, 0x00, 0x00, 0xff, 0x06, 0x04, 0x16,
	0x04, 0x01, 0x00, 0x00, 0x1a, 0x00, 0x0b, 0xd6, 0xff, 0x08, 0x32, 0x04, 0x04, 0x01, 0x00, 0x00,
	0xff, 0x0c, 0x18, 0x16, 0x04, 0x01, 0x00, 0x00, 0x24, 0x00, 0x2c, 0xd7, 0x06, 0x0c, 0x02, 0x00,
	0x80, 0x00, 0x22, 0xca, 0x82, 0x02, 0x08, 0x06, 0xff, 0x0a, 0x14, 0x16, 0x04, 0x01, 0x00, 0x00,
	0x80, 0x00, 0x20, 0xca, 0x08, 0x10, 0x08, 0x0f, 0x80, 0x00, 0x20, 0xca, 0x07, 0x02, 0x22, 0x14,
	0x04, 0x00, 0x87, 0xbf, 0x1d, 0x00, 0x55, 0xd6, 0x0c, 0x13, 0xfe, 0x03, 0x40, 0x10, 0x00, 0x00,
	0x80, 0x02, 0x18, 0x7e, 0x1b, 0x00, 0x55, 0xd6, 0x02, 0x13, 0xfe, 0x03, 0x40, 0x10, 0x00, 0x00,
	0x84, 0x00, 0x04, 0x32, 0x86, 0x00, 0x00, 0x32, 0x19, 0x00, 0x55, 0xd6, 0x0a, 0x13, 0xfe, 0x03,
	0x40, 0x10, 0x00, 0x00, 0x80, 0x00, 0x22, 0xca, 0x82, 0x16, 0x0a, 0x11, 0x54, 0x02, 0x87, 0xbf,
	0x80, 0x00, 0x22, 0xca, 0x82, 0x04, 0x0c, 0x10, 0x80, 0x00, 0x20, 0xca, 0x08, 0x04, 0x02, 0x15,
	0x08, 0x16, 0x16, 0x4a, 0xff, 0x00, 0x1c, 0x16, 0x04, 0x01, 0x00, 0x00, 0x22, 0x00, 0x2c, 0xd7,
	0x06, 0x00, 0x02, 0x00, 0x00, 0x7c, 0xfe, 0xd6, 0x02, 0x0d, 0x10, 0x04, 0x25, 0x00, 0x2c, 0xd7,
	0x06, 0x06, 0x02, 0x00, 0x04, 0x00, 0x87, 0xbf, 0x1f, 0x00, 0x55, 0xd6, 0x0e, 0x13, 0xfe, 0x03,
	0x40, 0x10, 0x00, 0x00, 0x80, 0x02, 0x1c, 0x7e, 0x01, 0x7c, 0xfe, 0xd6, 0x0b, 0x0d, 0x10, 0x04,
	0x02, 0x7c, 0xfe, 0xd6, 0x08, 0x0d, 0x10, 0x04, 0x1c, 0x00, 0x0b, 0xd6, 0xff, 0x08, 0x2a, 0x04,
	0x04, 0x01, 0x00, 0x00, 0x1e, 0x00, 0x0b, 0xd6, 0xff, 0x08, 0x36, 0x04, 0x04, 0x01, 0x00, 0x00,
	0x26, 0x00, 0x2c, 0xd7, 0x06, 0x0a, 0x02, 0x00, 0x80, 0x02, 0x14, 0x7e, 0x03, 0x7c, 0xfe, 0xd6,
	0x07, 0x0d, 0x10, 0x04, 0x80, 0x02, 0x0a, 0x7e, 0x80, 0x00, 0x20, 0xca, 0xff, 0x40, 0x26, 0x16,
	0x00, 0x04, 0x00, 0x00, 0xff, 0x42, 0x50, 0x4a, 0x00, 0x04, 0x00, 0x00, 0xff, 0x40, 0x52, 0x4a,
	0x00, 0x08, 0x00, 0x00, 0xff, 0x42, 0x54, 0x4a, 0x00, 0x08, 0x00, 0x00, 0xff, 0x40, 0x56, 0x4a,
	0x00, 0x0c, 0x00, 0x00, 0x80, 0x00, 0x20, 0xca, 0xff, 0x42, 0x2c, 0x07, 0x00, 0x0c, 0x00, 0x00,
	0x80, 0x00, 0x10, 0xca, 0x80, 0x00, 0x08, 0x08, 0x80, 0x02, 0x16, 0x7e, 0x80, 0x02, 0x1a, 0x7e,
	0x06, 0x84, 0x0a, 0x84, 0x09, 0x06, 0x08, 0x4a, 0xa1, 0x00, 0x87, 0xbf, 0x82, 0x08, 0x5a, 0x3e,
	0x26, 0x47, 0x08, 0x4a, 0x82, 0x08, 0x5e, 0x3e, 0x09, 0x04, 0x08, 0x4a, 0xa4, 0x01, 0x87, 0xbf,
	0x2d, 0x6a, 0x00, 0xd7, 0x00, 0x5a, 0x02, 0x00, 0x01, 0x5c, 0x5c, 0x40, 0x82, 0x08, 0x62, 0x3e,
	0x25, 0x47, 0x08, 0x4a, 0x2f, 0x6a, 0x00, 0xd7, 0x02, 0x5e, 0x02, 0x00, 0x03, 0x60, 0x60, 0x40,
	0x03, 0x00, 0x87, 0xbf, 0x82, 0x08, 0x66, 0x3e, 0x09, 0x02, 0x08, 0x4a, 0x7c, 0x00, 0x05, 0xee,
	0x2d, 0x00, 0x00, 0x00, 0x2d, 0x00, 0x00, 0x00, 0x7c, 0x00, 0x05, 0xee, 0x2e, 0x00, 0x00, 0x00,
	0x2f, 0x00, 0x00, 0x00, 0x2f, 0x6a, 0x00, 0xd7, 0x00, 0x62, 0x02, 0x00, 0x01, 0x64, 0x60, 0x40,
	0x82, 0x08, 0x62, 0x3e, 0x24, 0x47, 0x08, 0x4a, 0x33, 0x6a, 0x00, 0xd7, 0x02, 0x66, 0x02, 0x00,
	0x03, 0x68, 0x68, 0x40, 0x14, 0x02, 0x87, 0xbf, 0x31, 0x6a, 0x00, 0xd7, 0x00, 0x62, 0x02, 0x00,
	0x82, 0x08, 0x6a, 0x3e, 0x09, 0x00, 0x08, 0x4a, 0x01, 0x64, 0x64, 0x40, 0x7c, 0x00, 0x05, 0xee,
	0x2f, 0x00, 0x00, 0x00, 0x2f, 0x00, 0x00, 0x00, 0x09, 0x90, 0x09, 0x81, 0x35, 0x6a, 0x00, 0xd7,
	0x02, 0x6a, 0x02, 0x00, 0x7c, 0x00, 0x05, 0xee, 0x31, 0x00, 0x00, 0x00, 0x31, 0x00, 0x00, 0x00,
	0x7c, 0x00, 0x05, 0xee, 0x30, 0x00, 0x00, 0x00, 0x33, 0x00, 0x00, 0x00, 0x82, 0x08, 0x66, 0x3e,
	0x22, 0x47, 0x08, 0x4a, 0x03, 0x6c, 0x6c, 0x40, 0x09, 0x06, 0x0a, 0xbf, 0x12, 0x02, 0x87, 0xbf,
	0x82, 0x08, 0x6e, 0x3e, 0x32, 0x6a, 0x00, 0xd7, 0x00, 0x66, 0x02, 0x00, 0x01, 0x68, 0x66, 0x40,
	0x7c, 0x00, 0x05, 0xee, 0x04, 0x00, 0x00, 0x00, 0x35, 0x00, 0x00, 0x00, 0x34, 0x6a, 0x00, 0xd7,
	0x02, 0x6e, 0x02, 0x00, 0x03, 0x70, 0x6a, 0x40, 0x7c, 0x00, 0x05, 0xee, 0x32, 0x00, 0x00, 0x00,
	0x32, 0x00, 0x00, 0x00, 0x7c, 0x00, 0x05, 0xee, 0x33, 0x00, 0x00, 0x00, 0x34, 0x00, 0x00, 0x00,
	0x07, 0x00, 0xc0, 0xbf, 0x00, 0x00, 0x34, 0xd8, 0x18, 0x2d, 0x00, 0x00, 0x06, 0x00, 0xc0, 0xbf,
	0x00, 0x00, 0x34, 0xd8, 0x19, 0x2e, 0x00, 0x00, 0x05, 0x00, 0xc0, 0xbf, 0x00, 0x00, 0x34, 0xd8,
	0x1a, 0x2f, 0x00, 0x00, 0x03, 0x00, 0xc0, 0xbf, 0x00, 0x00, 0x34, 0xd8, 0x1b, 0x30, 0x00, 0x00,
	0x00, 0x00, 0x34, 0xd8, 0x1c, 0x31, 0x00, 0x00, 0x02, 0x00, 0xc0, 0xbf, 0x00, 0x00, 0x34, 0xd8,
	0x1d, 0x04, 0x00, 0x00, 0x01, 0x00, 0xc0, 0xbf, 0x00, 0x00, 0x34, 0xd8, 0x1e, 0x32, 0x00, 0x00,
	0x00, 0x00, 0xc0, 0xbf, 0x00, 0x00, 0x34, 0xd8, 0x1f, 0x33, 0x00, 0x00, 0x7c, 0x00, 0x0b, 0xee,
	0x00, 0x00, 0x04, 0x00, 0x00, 0x00, 0x00, 0x00, 0x00, 0x00, 0xc6, 0xbf, 0xc1, 0x4e, 0x80, 0xbe,
	0xff, 0xff, 0x94, 0xbf, 0x7c, 0xc0, 0x0a, 0xee, 0x00, 0x00, 0x04, 0x00, 0x00, 0x00, 0x00, 0x00,
	0x00, 0x10, 0xdc, 0xd8, 0x20, 0x00, 0x00, 0x2d, 0x20, 0x30, 0xdc, 0xd8, 0x20, 0x00, 0x00, 0x2f,
	0x00, 0x10, 0xdc, 0xd8, 0x21, 0x00, 0x00, 0x31, 0x20, 0x30, 0xdc, 0xd8, 0x21, 0x00, 0x00, 0x33,
	0x41, 0x51, 0xdc, 0xd8, 0x20, 0x00, 0x00, 0x35, 0x61, 0x71, 0xdc, 0xd8, 0x20, 0x00, 0x00, 0x37,
	0x41, 0x51, 0xdc, 0xd8, 0x21, 0x00, 0x00, 0x39, 0x61, 0x71, 0xdc, 0xd8, 0x21, 0x00, 0x00, 0x3b,
	0x82, 0x92, 0xdc, 0xd8, 0x20, 0x00, 0x00, 0x3d, 0xa2, 0xb2, 0xdc, 0xd8, 0x20, 0x00, 0x00, 0x3f,
	0x82, 0x92, 0xdc, 0xd8, 0x21, 0x00, 0x00, 0x41, 0xa2, 0xb2, 0xdc, 0xd8, 0x21, 0x00, 0x00, 0x43,
	0xc3, 0xd3, 0xdc, 0xd8, 0x20, 0x00, 0x00, 0x45, 0xe3, 0xf3, 0xdc, 0xd8, 0x20, 0x00, 0x00, 0x47,
	0xc3, 0xd3, 0xdc, 0xd8, 0x21, 0x00, 0x00, 0x49, 0xe3, 0xf3, 0xdc, 0xd8, 0x21, 0x00, 0x00, 0x4b,
	0x04, 0x14, 0xdc, 0xd8, 0x27, 0x00, 0x00, 0x4d, 0x24, 0x34, 0xdc, 0xd8, 0x27, 0x00, 0x00, 0x4f,
	0x04, 0x14, 0xdc, 0xd8, 0x28, 0x00, 0x00, 0x51, 0x24, 0x34, 0xdc, 0xd8, 0x28, 0x00, 0x00, 0x53,
	0x45, 0x55, 0xdc, 0xd8, 0x27, 0x00, 0x00, 0x55, 0x65, 0x75, 0xdc, 0xd8, 0x27, 0x00, 0x00, 0x57,
	0x13, 0x00, 0xc6, 0xbf, 0x2d, 0x65, 0x20, 0xc8, 0x0a, 0x46, 0x22, 0x16, 0x2d, 0x63, 0x2e, 0x56,
	0x12, 0x00, 0xc6, 0xbf, 0x2d, 0x67, 0x2a, 0x56, 0x2d, 0x69, 0x00, 0xc8, 0x2f, 0x67, 0x0a, 0x14,
	0x2e, 0x63, 0x22, 0x56, 0x2e, 0x65, 0x00, 0xc8, 0x30, 0x67, 0x06, 0x10, 0x2e, 0x67, 0x1e, 0x56,
	0x0e, 0x00, 0xc6, 0xbf, 0x2e, 0x69, 0x00, 0xc8, 0x35, 0x77, 0x14, 0x0e, 0x2f, 0x63, 0x1a, 0x56,
	0x2f, 0x65, 0x00, 0xc8, 0x36, 0x73, 0x10, 0x0c, 0x30, 0x63, 0x12, 0x56, 0x30, 0x65, 0x00, 0xc8,
	0x36, 0x77, 0x0e, 0x08, 0x2f, 0x69, 0x14, 0x56, 0x30, 0x69, 0x00, 0xc8, 0x37, 0x77, 0x0a, 0x06,
	0x45, 0x55, 0xdc, 0xd8, 0x28, 0x00, 0x00, 0x2d, 0x65, 0x75, 0xdc, 0xd8, 0x28, 0x00, 0x00, 0x31,
	0x35, 0x73, 0x2e, 0x56, 0x35, 0x75, 0x00, 0xc8, 0x38, 0x77, 0x06, 0x16, 0x0d, 0x00, 0xc6, 0xbf,
	0x35, 0x79, 0x00, 0xc8, 0x3e, 0x83, 0x10, 0x14, 0x03, 0x00, 0x87, 0xbf, 0x36, 0x75, 0x00, 0xc8,
	0x3d, 0x83, 0x16, 0x10, 0x0c, 0x00, 0xc6, 0xbf, 0x36, 0x79, 0x00, 0xc8, 0x3d, 0x87, 0x14, 0x0e,
	0x37, 0x73, 0x1a, 0x56, 0x37, 0x75, 0x00, 0xc8, 0x3e, 0x87, 0x0e, 0x0c, 0x38, 0x73, 0x12, 0x56,
	0x03, 0x00, 0x87, 0xbf, 0x38, 0x75, 0x00, 0xc8, 0x3f, 0x83, 0x0c, 0x08, 0x37, 0x79, 0x14, 0x56,
	0x38, 0x79, 0x00, 0xc8, 0x3f, 0x87, 0x0a, 0x06, 0x86, 0x96, 0xdc, 0xd8, 0x27, 0x00, 0x00, 0x2f,
	0xa6, 0xb6, 0xdc, 0xd8, 0x27, 0x00, 0x00, 0x33, 0x86, 0x96, 0xdc, 0xd8, 0x28, 0x00, 0x00, 0x35,
	0xa6, 0xb6, 0xdc, 0xd8, 0x28, 0x00, 0x00, 0x39, 0x3d, 0x85, 0x00, 0xc8, 0x40, 0x87, 0x06, 0x16,
	0x0d, 0x00, 0xc6, 0xbf, 0x3d, 0x89, 0x00, 0xc8, 0x46, 0x93, 0x10, 0x14, 0x3e, 0x85, 0x00, 0xc8,
	0x45, 0x93, 0x16, 0x10, 0x0c, 0x00, 0xc6, 0xbf, 0x3e, 0x89, 0x00, 0xc8, 0x45, 0x97, 0x14, 0x0e,
	0x3f, 0x85, 0x00, 0xc8, 0x46, 0x97, 0x0e, 0x0c, 0x40, 0x83, 0x12, 0x56, 0x40, 0x85, 0x00, 0xc8,
	0x47, 0x93, 0x0c, 0x08, 0x3f, 0x89, 0x14, 0x56, 0x40, 0x89, 0x00, 0xc8, 0x47, 0x97, 0x0a, 0x06,
	0xc7, 0xd7, 0xdc, 0xd8, 0x27, 0x00, 0x00, 0x37, 0xe7, 0xf7, 0xdc, 0xd8, 0x27, 0x00, 0x00, 0x3b,
	0xc7, 0xd7, 0xdc, 0xd8, 0x28, 0x00, 0x00, 0x3d, 0xe7, 0xf7, 0xdc, 0xd8, 0x28, 0x00, 0x00, 0x41,
	0x45, 0x95, 0x00, 0xc8, 0x48, 0x97, 0x06, 0x16, 0x0d, 0x00, 0xc6, 0xbf, 0x45, 0x99, 0x00, 0xc8,
	0x4e, 0xa3, 0x10, 0x14, 0x46, 0x95, 0x00, 0xc8, 0x4d, 0xa3, 0x16, 0x10, 0x0c, 0x00, 0xc6, 0xbf,
	0x46, 0x99, 0x00, 0xc8, 0x4d, 0xa7, 0x14, 0x0e, 0x47, 0x95, 0x00, 0xc8, 0x4e, 0xa7, 0x0e, 0x0c,
	0x48, 0x93, 0x12, 0x56, 0x48, 0x95, 0x00, 0xc8, 0x4f, 0xa3, 0x0c, 0x08, 0x47, 0x99, 0x14, 0x56,
	0x48, 0x99, 0x00, 0xc8, 0x4f, 0xa7, 0x0a, 0x06, 0x08, 0x18, 0xdc, 0xd8, 0x29, 0x00, 0x00, 0x3f,
	0x28, 0x38, 0xdc, 0xd8, 0x29, 0x00, 0x00, 0x43, 0x08, 0x18, 0xdc, 0xd8, 0x2a, 0x00, 0x00, 0x45,
	0x28, 0x38, 0xdc, 0xd8, 0x2a, 0x00, 0x00, 0x49, 0x4d, 0xa5, 0x00, 0xc8, 0x50, 0xa7, 0x06, 0x16,
	0x0d, 0x00, 0xc6, 0xbf, 0x4d, 0xa9, 0x00, 0xc8, 0x56, 0x5b, 0x10, 0x14, 0x4e, 0xa5, 0x00, 0xc8,
	0x55, 0x5b, 0x16, 0x10, 0x0c, 0x00, 0xc6, 0xbf, 0x4e, 0xa9, 0x00, 0xc8, 0x55, 0x63, 0x14, 0x0e,
	0x4f, 0xa5, 0x00, 0xc8, 0x56, 0x63, 0x0e, 0x0c, 0x50, 0xa3, 0x12, 0x56, 0x50, 0xa5, 0x00, 0xc8,
	0x57, 0x5b, 0x0c, 0x08, 0x4f, 0xa9, 0x14, 0x56, 0x50, 0xa9, 0x00, 0xc8, 0x57, 0x63, 0x0a, 0x06,
	0x49, 0x59, 0xdc, 0xd8, 0x29, 0x00, 0x00, 0x47, 0x69, 0x79, 0xdc, 0xd8, 0x29, 0x00, 0x00, 0x4b,
	0x49, 0x59, 0xdc, 0xd8, 0x2a, 0x00, 0x00, 0x4d, 0x69, 0x79, 0xdc, 0xd8, 0x2a, 0x00, 0x00, 0x51,
	0x55, 0x5d, 0x00, 0xc8, 0x58, 0x63, 0x06, 0x16, 0x0d, 0x00, 0xc6, 0xbf, 0x55, 0x65, 0x00, 0xc8,
	0x2f, 0x6b, 0x16, 0x14, 0x0c, 0x00, 0xc6, 0xbf, 0x56, 0x5d, 0x00, 0xc8, 0x2f, 0x73, 0x14, 0x10,
	0x56, 0x65, 0x00, 0xc8, 0x30, 0x6b, 0x10, 0x0e, 0x57, 0x5d, 0x00, 0xc8, 0x30, 0x73, 0x0e, 0x0c,
	0x58, 0x5b, 0x12, 0x56, 0x58, 0x5d, 0x00, 0xc8, 0x33, 0x6b, 0x0c, 0x08, 0x57, 0x65, 0x14, 0x56,
	0x58, 0x65, 0x00, 0xc8, 0x33, 0x73, 0x0a, 0x06, 0x8a, 0x9a, 0xdc, 0xd8, 0x29, 0x00, 0x00, 0x4f,
	0xaa, 0xba, 0xdc, 0xd8, 0x29, 0x00, 0x00, 0x53, 0x8a, 0x9a, 0xdc, 0xd8, 0x2a, 0x00, 0x00, 0x55,
	0xaa, 0xba, 0xdc, 0xd8, 0x2a, 0x00, 0x00, 0x2d, 0x2f, 0x6d, 0x00, 0xc8, 0x34, 0x73, 0x06, 0x16,
	0x0d, 0x00, 0xc6, 0xbf, 0x2f, 0x75, 0x00, 0xc8, 0x38, 0x7b, 0x10, 0x14, 0x30, 0x6d, 0x00, 0xc8,
	0x37, 0x7b, 0x16, 0x10, 0x0c, 0x00, 0xc6, 0xbf, 0x30, 0x75, 0x00, 0xc8, 0x37, 0x83, 0x14, 0x0e,
	0x33, 0x6d, 0x00, 0xc8, 0x38, 0x83, 0x0e, 0x0c, 0x34, 0x6b, 0x12, 0x56, 0x34, 0x6d, 0x00, 0xc8,
	0x3b, 0x7b, 0x0c, 0x08, 0x33, 0x75, 0x14, 0x56, 0x34, 0x75, 0x00, 0xc8, 0x3b, 0x83, 0x0a, 0x06,
	0xcb, 0xdb, 0xdc, 0xd8, 0x29, 0x00, 0x00, 0x31, 0xeb, 0xfb, 0xdc, 0xd8, 0x29, 0x00, 0x00, 0x57,
	0xcb, 0xdb, 0xdc, 0xd8, 0x2a, 0x00, 0x00, 0x2f, 0xeb, 0xfb, 0xdc, 0xd8, 0x2a, 0x00, 0x00, 0x35,
	0x37, 0x7d, 0x00, 0xc8, 0x3c, 0x83, 0x06, 0x16, 0x0d, 0x00, 0xc6, 0xbf, 0x37, 0x85, 0x00, 0xc8,
	0x40, 0x8b, 0x10, 0x14, 0x38, 0x7d, 0x00, 0xc8, 0x3f, 0x8b, 0x16, 0x10, 0x0c, 0x00, 0xc6, 0xbf,
	0x38, 0x85, 0x00, 0xc8, 0x3f, 0x93, 0x14, 0x0e, 0x3b, 0x7d, 0x00, 0xc8, 0x40, 0x93, 0x0e, 0x0c,
	0x3c, 0x7b, 0x12, 0x56, 0x3c, 0x7d, 0x00, 0xc8, 0x43, 0x8b, 0x0c, 0x08, 0x3b, 0x85, 0x14, 0x56,
	0x3c, 0x85, 0x00, 0xc8, 0x43, 0x93, 0x0a, 0x06, 0x0c, 0x1c, 0xdc, 0xd8, 0x2b, 0x00, 0x00, 0x33,
	0x2c, 0x3c, 0xdc, 0xd8, 0x2b, 0x00, 0x00, 0x39, 0x0c, 0x1c, 0xdc, 0xd8, 0x2c, 0x00, 0x00, 0x37,
	0x2c, 0x3c, 0xdc, 0xd8, 0x2c, 0x00, 0x00, 0x3d, 0x3f, 0x8d, 0x00, 0xc8, 0x44, 0x93, 0x06, 0x16,
	0x0d, 0x00, 0xc6, 0xbf, 0x3f, 0x95, 0x00, 0xc8, 0x48, 0x9b, 0x10, 0x14, 0x40, 0x8d, 0x00, 0xc8,
	0x47, 0x9b, 0x16, 0x10, 0x0c, 0x00, 0xc6, 0xbf, 0x40, 0x95, 0x00, 0xc8, 0x47, 0xa3, 0x14, 0x0e,
	0x43, 0x8d, 0x00, 0xc8, 0x48, 0xa3, 0x0e, 0x0c, 0x44, 0x8b, 0x12, 0x56, 0x44, 0x8d, 0x00, 0xc8,
	0x4b, 0x9b, 0x0c, 0x08, 0x43, 0x95, 0x14, 0x56, 0x44, 0x95, 0x00, 0xc8, 0x4b, 0xa3, 0x0a, 0x06,
	0x4d, 0x5d, 0xdc, 0xd8, 0x2b, 0x00, 0x00, 0x3b, 0x6d, 0x7d, 0xdc, 0xd8, 0x2b, 0x00, 0x00, 0x41,
	0x4d, 0x5d, 0xdc, 0xd8, 0x2c, 0x00, 0x00, 0x3f, 0x6d, 0x7d, 0xdc, 0xd8, 0x2c, 0x00, 0x00, 0x45,
	0x47, 0x9d, 0x00, 0xc8, 0x4c, 0xa3, 0x06, 0x16, 0x0d, 0x00, 0xc6, 0xbf, 0x47, 0xa5, 0x00, 0xc8,
	0x50, 0xab, 0x10, 0x14, 0x48, 0x9d, 0x00, 0xc8, 0x4f, 0xab, 0x16, 0x10, 0x0c, 0x00, 0xc6, 0xbf,
	0x48, 0xa5, 0x00, 0xc8, 0x4f, 0x5b, 0x14, 0x0e, 0x4b, 0x9d, 0x00, 0xc8, 0x50, 0x5b, 0x0e, 0x0c,
	0x4c, 0x9b, 0x12, 0x56, 0x4c, 0x9d, 0x00, 0xc8, 0x53, 0xab, 0x0c, 0x08, 0x4b, 0xa5, 0x14, 0x56,
	0x4c, 0xa5, 0x00, 0xc8, 0x53, 0x5b, 0x0a, 0x06, 0x8e, 0x9e, 0xdc, 0xd8, 0x2b, 0x00, 0x00, 0x43,
	0xae, 0xbe, 0xdc, 0xd8, 0x2b, 0x00, 0x00, 0x49, 0x8e, 0x9e, 0xdc, 0xd8, 0x2c, 0x00, 0x00, 0x47,
	0xae, 0xbe, 0xdc, 0xd8, 0x2c, 0x00, 0x00, 0x4d, 0x4f, 0xad, 0x00, 0xc8, 0x54, 0x5b, 0x06, 0x16,
	0x0d, 0x00, 0xc6, 0xbf, 0x4f, 0x5d, 0x00, 0xc8, 0x31, 0x5f, 0x16, 0x14, 0x0c, 0x00, 0xc6, 0xbf,
	0x50, 0xad, 0x00, 0xc8, 0x31, 0x6b, 0x14, 0x10, 0x50, 0x5d, 0x00, 0xc8, 0x32, 0x5f, 0x10, 0x0e,
	0x53, 0xad, 0x00, 0xc8, 0x32, 0x6b, 0x0e, 0x0c, 0x54, 0xab, 0x12, 0x56, 0x54, 0xad, 0x00, 0xc8,
	0x57, 0x5f, 0x0c, 0x08, 0x53, 0x5d, 0x14, 0x56, 0x54, 0x5d, 0x00, 0xc8, 0x57, 0x6b, 0x0a, 0x06,
	0xcf, 0xdf, 0xdc, 0xd8, 0x2b, 0x00, 0x00, 0x4b, 0xef, 0xff, 0xdc, 0xd8, 0x2b, 0x00, 0x00, 0x51,
	0xcf, 0xdf, 0xdc, 0xd8, 0x2c, 0x00, 0x00, 0x4f, 0xef, 0xff, 0xdc, 0xd8, 0x2c, 0x00, 0x00, 0x55,
	0x31, 0x61, 0x00, 0xc8, 0x58, 0x6b, 0x06, 0x16, 0x0d, 0x00, 0xc6, 0xbf, 0x31, 0x6d, 0x00, 0xc8,
	0x33, 0x6f, 0x16, 0x14, 0x0c, 0x00, 0xc6, 0xbf, 0x32, 0x61, 0x00, 0xc8, 0x33, 0x7b, 0x14, 0x10,
	0x32, 0x6d, 0x00, 0xc8, 0x34, 0x6f, 0x10, 0x0e, 0x57, 0x61, 0x00, 0xc8, 0x34, 0x7b, 0x0e, 0x0c,
	0x58, 0x5f, 0x00, 0xc8, 0x57, 0x6d, 0x0a, 0x09, 0x39, 0x6f, 0x00, 0xc8, 0x58, 0x61, 0x08, 0x0d,
	0x39, 0x7b, 0x00, 0xc8, 0x58, 0x6d, 0x06, 0x0b, 0x03, 0x00, 0x87, 0xbf, 0x3a, 0x6f, 0x00, 0xc8,
	0x33, 0x71, 0x16, 0x09, 0x3a, 0x7b, 0x00, 0xc8, 0x33, 0x7d, 0x14, 0x07, 0x09, 0x00, 0xc6, 0xbf,
	0x3c, 0x7f, 0x22, 0x56, 0x34, 0x71, 0x00, 0xc8, 0x3b, 0x7f, 0x16, 0x10, 0x08, 0x00, 0xc6, 0xbf,
	0x34, 0x7d, 0x00, 0xc8, 0x3b, 0x8b, 0x14, 0x0e, 0x39, 0x71, 0x00, 0xc8, 0x3c, 0x8b, 0x0e, 0x0c,
	0x39, 0x7d, 0x00, 0xc8, 0x42, 0x7f, 0x08, 0x0a, 0x3a, 0x71, 0x00, 0xc8, 0x41, 0x7f, 0x0c, 0x08,
	0x3a, 0x7d, 0x00, 0xc8, 0x41, 0x8b, 0x0a, 0x06, 0x3b, 0x81, 0x00, 0xc8, 0x42, 0x8b, 0x06, 0x16,
	0x05, 0x00, 0xc6, 0xbf, 0x3b, 0x8d, 0x00, 0xc8, 0x44, 0x8f, 0x10, 0x14, 0x3c, 0x81, 0x00, 0xc8,
	0x43, 0x8f, 0x16, 0x10, 0x04, 0x00, 0xc6, 0xbf, 0x3c, 0x8d, 0x00, 0xc8, 0x43, 0x9b, 0x14, 0x0e,
	0x41, 0x81, 0x00, 0xc8, 0x44, 0x9b, 0x0e, 0x0c, 0x41, 0x8d, 0x00, 0xc8, 0x4a, 0x8f, 0x08, 0x0a,
	0x42, 0x81, 0x00, 0xc8, 0x49, 0x8f, 0x0c, 0x08, 0x42, 0x8d, 0x00, 0xc8, 0x49, 0x9b, 0x0a, 0x06,
	0x43, 0x91, 0x00, 0xc8, 0x4a, 0x9b, 0x06, 0x16, 0x01, 0x00, 0xc6, 0xbf, 0x43, 0x9d, 0x00, 0xc8,
	0x4c, 0x9f, 0x10, 0x14, 0x44, 0x91, 0x00, 0xc8, 0x4b, 0x9f, 0x16, 0x10, 0x00, 0x00, 0xc6, 0xbf,
	0x44, 0x9d, 0x00, 0xc8, 0x4b, 0xab, 0x14, 0x0e, 0x49, 0x91, 0x00, 0xc8, 0x4c, 0xab, 0x0e, 0x0c,
	0x49, 0x9d, 0x00, 0xc8, 0x52, 0x9f, 0x08, 0x0a, 0x4a, 0x91, 0x00, 0xc8, 0x51, 0x9f, 0x0c, 0x08,
	0x4a, 0x9d, 0x00, 0xc8, 0x51, 0xab, 0x0a, 0x06, 0x4b, 0xa1, 0x00, 0xc8, 0x52, 0xab, 0x06, 0x16,
	0x4b, 0xad, 0x28, 0x56, 0x4c, 0xa1, 0x20, 0x56, 0x4c, 0xad, 0x1c, 0x56, 0x51, 0xa1, 0x18, 0x56,
	0x51, 0xad, 0x14, 0x56, 0x52, 0xa1, 0x10, 0x56, 0x52, 0xad, 0x0c, 0x56, 0x7c, 0x00, 0x0b, 0xee,
	0x00, 0x00, 0x04, 0x00, 0x00, 0x00, 0x00, 0x00, 0xc1, 0x4e, 0x80, 0xbe, 0xff, 0xff, 0x94, 0xbf,
	0x7c, 0xc0, 0x0a, 0xee, 0x00, 0x00, 0x04, 0x00, 0x00, 0x00, 0x00, 0x00, 0xed, 0xfd, 0xa2, 0xbf,
	0x10, 0x00, 0xa0, 0xbf, 0x80, 0x00, 0x10, 0xca, 0x80, 0x00, 0x16, 0x17, 0x80, 0x00, 0x10, 0xca,
	0x80, 0x00, 0x14, 0x15, 0x80, 0x00, 0x10, 0xca, 0x80, 0x00, 0x10, 0x11, 0x80, 0x00, 0x10, 0xca,
	0x80, 0x00, 0x0e, 0x0f, 0x80, 0x00, 0x10, 0xca, 0x80, 0x00, 0x0c, 0x0d, 0x80, 0x00, 0x10, 0xca,
	0x80, 0x00, 0x0a, 0x0b, 0x80, 0x00, 0x10, 0xca, 0x80, 0x00, 0x08, 0x09, 0x80, 0x00, 0x10, 0xca,
	0x80, 0x00, 0x06, 0x07, 0x80, 0x00, 0x20, 0xca, 0x08, 0x26, 0x00, 0x01, 0x06, 0x84, 0x00, 0x84,
	0x11, 0x01, 0x87, 0xbf, 0x00, 0x00, 0x2c, 0xd7, 0x00, 0x0d, 0x00, 0x00, 0x01, 0x03, 0x3a, 0x7e,
	0xb2, 0x01, 0x87, 0xbf, 0x00, 0x00, 0x55, 0xd6, 0x07, 0x24, 0x02, 0x04, 0x01, 0x03, 0x06, 0x7e,
	0x01, 0x03, 0x0a, 0x7e, 0x01, 0x01, 0x20, 0xca, 0xb0, 0x00, 0x12, 0x13, 0x90, 0x00, 0x04, 0x4a,
	0x82, 0x00, 0x30, 0x3e, 0xa0, 0x00, 0x08, 0x4a, 0x00, 0x00, 0x00, 0x4a, 0x82, 0x24, 0x24, 0x3e,
	0x82, 0x04, 0x04, 0x3e, 0x34, 0x02, 0x87, 0xbf, 0x82, 0x08, 0x08, 0x3e, 0x18, 0x6a, 0x00, 0xd7,
	0x04, 0x30, 0x02, 0x00, 0x05, 0x32, 0x32, 0x40, 0x02, 0x6a, 0x00, 0xd7, 0x04, 0x04, 0x02, 0x00,
	0x05, 0x06, 0x06, 0x40, 0x04, 0x6a, 0x00, 0xd7, 0x04, 0x08, 0x02, 0x00, 0x05, 0x0a, 0x0a, 0x40,
	0x12, 0x6a, 0x00, 0xd7, 0x04, 0x24, 0x02, 0x00, 0x90, 0x00, 0x38, 0x4a, 0x05, 0x26, 0x26, 0x40,
	0x82, 0x00, 0x34, 0x3e, 0x03, 0x00, 0x85, 0xbf, 0x7c, 0x80, 0x06, 0xee, 0x00, 0x00, 0x80, 0x0b,
	0x18, 0x00, 0x00, 0x00, 0x7c, 0x80, 0x06, 0xee, 0x00, 0x00, 0x00, 0x0b, 0x02, 0x00, 0x00, 0x00,
	0x7c, 0x80, 0x06, 0xee, 0x00, 0x00, 0x80, 0x0a, 0x04, 0x00, 0x00, 0x00, 0x7c, 0x80, 0x06, 0xee,
	0x00, 0x00, 0x00, 0x0a, 0x12, 0x00, 0x00, 0x00, 0x01, 0x01, 0x20, 0xca, 0xa0, 0x00, 0x04, 0x05,
	0x01, 0x03, 0x2a, 0x7e, 0x82, 0x38, 0x04, 0x3e, 0x01, 0x01, 0x20, 0xca, 0xb0, 0x00, 0x14, 0x19,
	0x12, 0x6a, 0x00, 0xd7, 0x04, 0x34, 0x02, 0x00, 0x82, 0x08, 0x08, 0x3e, 0x05, 0x36, 0x26, 0x40,
	0x02, 0x6a, 0x00, 0xd7, 0x04, 0x04, 0x02, 0x00, 0x82, 0x28, 0x28, 0x3e, 0x05, 0x06, 0x06, 0x40,
	0x04, 0x6a, 0x00, 0xd7, 0x04, 0x08, 0x02, 0x00, 0x05, 0x0a, 0x0a, 0x40, 0x00, 0x00, 0x00, 0x4a,
	0x14, 0x6a, 0x00, 0xd7, 0x04, 0x28, 0x02, 0x00, 0x05, 0x2a, 0x2a, 0x40, 0x03, 0x00, 0x85, 0xbf,
	0x7c, 0x80, 0x06, 0xee, 0x00, 0x00, 0x80, 0x08, 0x12, 0x00, 0x00, 0x00, 0x7c, 0x80, 0x06, 0xee,
	0x00, 0x00, 0x00, 0x08, 0x02, 0x00, 0x00, 0x00, 0x7c, 0x80, 0x06, 0xee, 0x00, 0x00, 0x80, 0x07,
	0x04, 0x00, 0x00, 0x00, 0x7c, 0x80, 0x06, 0xee, 0x00, 0x00, 0x00, 0x07, 0x14, 0x00, 0x00, 0x00,
	0x01, 0x01, 0x20, 0xca, 0x90, 0x00, 0x18, 0x05, 0x01, 0x03, 0x22, 0x7e, 0x82, 0x00, 0x2c, 0x3e,
	0x01, 0x01, 0x20, 0xca, 0xa0, 0x00, 0x04, 0x15, 0x04, 0x00, 0x87, 0xbf, 0x82, 0x30, 0x04, 0x3e,
	0xb0, 0x00, 0x20, 0x4a, 0x00, 0x00, 0x00, 0x4a, 0x0e, 0x6a, 0x00, 0xd7, 0x04, 0x2c, 0x02, 0x00,
	0x82, 0x08, 0x08, 0x3e, 0x05, 0x2e, 0x1e, 0x40, 0x01, 0x03, 0x2e, 0x7e, 0x02, 0x6a, 0x00, 0xd7,
	0x04, 0x04, 0x02, 0x00, 0x82, 0x20, 0x20, 0x3e, 0x90, 0x00, 0x28, 0x4a, 0x05, 0x06, 0x06, 0x40,
	0x04, 0x6a, 0x00, 0xd7, 0x04, 0x08, 0x02, 0x00, 0x82, 0x00, 0x24, 0x3e, 0xa0, 0x00, 0x2c, 0x4a,
	0x05, 0x0a, 0x0a, 0x40, 0x10, 0x6a, 0x00, 0xd7, 0x04, 0x20, 0x02, 0x00, 0x82, 0x28, 0x28, 0x3e,
	0xb0, 0x00, 0x00, 0x4a, 0x05, 0x22, 0x22, 0x40, 0x12, 0x6a, 0x00, 0xd7, 0x04, 0x24, 0x02, 0x00,
	0x82, 0x2c, 0x2c, 0x3e, 0x05, 0x26, 0x26, 0x40, 0x14, 0x6a, 0x00, 0xd7, 0x04, 0x28, 0x02, 0x00,
	0x82, 0x00, 0x00, 0x3e, 0x05, 0x2a, 0x2a, 0x40, 0x16, 0x6a, 0x00, 0xd7, 0x04, 0x2c, 0x02, 0x00,
	0x05, 0x2e, 0x2e, 0x40, 0x04, 0x00, 0x87, 0xbf, 0x00, 0x6a, 0x00, 0xd7, 0x04, 0x00, 0x02, 0x00,
	0x05, 0x02, 0x02, 0x40, 0x07, 0x00, 0x85, 0xbf, 0x7c, 0x80, 0x06, 0xee, 0x00, 0x00, 0x80, 0x06,
	0x0e, 0x00, 0x00, 0x00, 0x7c, 0x80, 0x06, 0xee, 0x00, 0x00, 0x00, 0x06, 0x02, 0x00, 0x00, 0x00,
	0x7c, 0x80, 0x06, 0xee, 0x00, 0x00, 0x80, 0x05, 0x04, 0x00, 0x00, 0x00, 0x7c, 0x80, 0x06, 0xee,
	0x00, 0x00, 0x00, 0x05, 0x10, 0x00, 0x00, 0x00, 0x7c, 0x80, 0x06, 0xee, 0x00, 0x00, 0x80, 0x04,
	0x12, 0x00, 0x00, 0x00, 0x7c, 0x80, 0x06, 0xee, 0x00, 0x00, 0x00, 0x04, 0x14, 0x00, 0x00, 0x00,
	0x7c, 0x80, 0x06, 0xee, 0x00, 0x00, 0x80, 0x03, 0x16, 0x00, 0x00, 0x00, 0x7c, 0x80, 0x06, 0xee,
	0x00, 0x00, 0x00, 0x03, 0x00, 0x00, 0x00, 0x00, 0x00, 0x00, 0x80, 0xbf, 0x03, 0x00, 0xb6, 0xbf,
	0x00, 0x00, 0xb0, 0xbf, 0x00, 0x00, 0x80, 0xbf, 0x00, 0x00, 0x80, 0xbf, 0x00, 0x00, 0x80, 0xbf,
	0x00, 0x00, 0x80, 0xbf, 0x00, 0x00, 0x80, 0xbf, 0x00, 0x00, 0x80, 0xbf, 0x00, 0x00, 0x80, 0xbf,
	0x00, 0x00, 0x80, 0xbf, 0x00, 0x00, 0x80, 0xbf, 0x00, 0x00, 0x80, 0xbf, 0x00, 0x00, 0x80, 0xbf,
	0x00, 0x00, 0x80, 0xbf, 0x00, 0x00, 0x80, 0xbf, 0x00, 0x00, 0x80, 0xbf, 0x00, 0x00, 0x80, 0xbf,
	0x00, 0x00, 0x80, 0xbf, 0x00, 0x00, 0x80, 0xbf, 0x00, 0x00, 0x80, 0xbf, 0x00, 0x00, 0x80, 0xbf,
	0x00, 0x00, 0x80, 0xbf, 0x00, 0x00, 0x80, 0xbf, 0x00, 0x00, 0x80, 0xbf, 0x00, 0x00, 0x80, 0xbf,
	0x00, 0x00, 0x80, 0xbf, 0x00, 0x00, 0x80, 0xbf, 0x00, 0x00, 0x80, 0xbf, 0x00, 0x00, 0x80, 0xbf,
	0x00, 0x00, 0x80, 0xbf, 0x00, 0x00, 0x80, 0xbf, 0x00, 0x00, 0x80, 0xbf, 0x00, 0x00, 0x80, 0xbf,
	0x00, 0x00, 0x80, 0xbf, 0x00, 0x00, 0x80, 0xbf, 0x00, 0x00, 0x80, 0xbf, 0x00, 0x00, 0x80, 0xbf,
	0x00, 0x00, 0x80, 0xbf, 0x00, 0x00, 0x80, 0xbf, 0x00, 0x00, 0x80, 0xbf, 0x00, 0x00, 0x80, 0xbf,
	0x00, 0x00, 0x80, 0xbf, 0x00, 0x00, 0x80, 0xbf, 0x00, 0x00, 0x80, 0xbf, 0x00, 0x00, 0x80, 0xbf,
	0x00, 0x00, 0x80, 0xbf, 0x00, 0x00, 0x80, 0xbf, 0x00, 0x00, 0x80, 0xbf, 0x00, 0x00, 0x80, 0xbf,
	0x00, 0x00, 0x80, 0xbf, 0x00, 0x00, 0x80, 0xbf, 0x00, 0x00, 0x80, 0xbf, 0x00, 0x00, 0x80, 0xbf,
	0x00, 0x00, 0x80, 0xbf, 0x00, 0x00, 0x80, 0xbf, 0x00, 0x00, 0x80, 0xbf, 0x00, 0x00, 0x80, 0xbf,
	0x00, 0x00, 0x80, 0xbf, 0x00, 0x00, 0x80, 0xbf, 0x00, 0x00, 0x80, 0xbf, 0x00, 0x00, 0x80, 0xbf,
	0x00, 0x00, 0x80, 0xbf, 0x00, 0x00, 0x80, 0xbf, 0x00, 0x00, 0x80, 0xbf, 0x00, 0x00, 0x80, 0xbf,
	0x01, 0x00, 0x85, 0xbf, 0x00, 0x41, 0x00, 0xf4, 0x00, 0x00, 0x00, 0xf8, 0x00, 0x20, 0x00, 0xf4,
	0x10, 0x00, 0x00, 0xf8, 0x84, 0x00, 0x02, 0x30, 0x85, 0x00, 0x20, 0x30, 0x00, 0x00, 0xc7, 0xbf,
	0x01, 0x00, 0x85, 0xbf, 0x04, 0xc0, 0x05, 0xee, 0x08, 0x00, 0x00, 0x00, 0x01, 0x00, 0x00, 0x00,
	0x06, 0xc0, 0x05, 0xee, 0x0c, 0x00, 0x00, 0x00, 0x01, 0x00, 0x00, 0x00, 0x01, 0x00, 0x85, 0xbf,
	0x00, 0xc0, 0x05, 0xee, 0x04, 0x00, 0x00, 0x00, 0x10, 0x10, 0x00, 0x00, 0x00, 0xc0, 0x05, 0xee,
	0x00, 0x00, 0x00, 0x00, 0x10, 0x00, 0x00, 0x00, 0x00, 0x00, 0xc0, 0xbf, 0x00, 0x40, 0x40, 0xcc,
	0x08, 0x19, 0x02, 0x1c, 0x01, 0x00, 0x85, 0xbf, 0x00, 0x40, 0x07, 0xee, 0x00, 0x00, 0x00, 0x00,
	0x10, 0x00, 0x00, 0x00, 0x00, 0x40, 0x07, 0xee, 0x00, 0x00, 0x00, 0x02, 0x10, 0x10, 0x00, 0x00,
	0x00, 0x00, 0x80, 0xbf, 0x03, 0x00, 0xb6, 0xbf, 0x00, 0x00, 0xb0, 0xbf, 0x00, 0x00, 0x80, 0xbf,
	0x00, 0x00, 0x80, 0xbf, 0x00, 0x00, 0x80, 0xbf, 0x00, 0x00, 0x80, 0xbf, 0x00, 0x00, 0x80, 0xbf,
	0x00, 0x00, 0x80, 0xbf, 0x00, 0x00, 0x80, 0xbf, 0x00, 0x00, 0x80, 0xbf, 0x00, 0x00, 0x80, 0xbf,
	0x00, 0x00, 0x80, 0xbf, 0x00, 0x00, 0x80, 0xbf, 0x00, 0x00, 0x80, 0xbf, 0x00, 0x00, 0x80, 0xbf,
	0x00, 0x00, 0x80, 0xbf, 0x00, 0x00, 0x80, 0xbf, 0x00, 0x00, 0x80, 0xbf, 0x00, 0x00, 0x80, 0xbf,
	0x00, 0x00, 0x80, 0xbf, 0x00, 0x00, 0x80, 0xbf, 0x00, 0x00, 0x80, 0xbf, 0x00, 0x00, 0x80, 0xbf,
	0x00, 0x00, 0x80, 0xbf, 0x00, 0x00, 0x80, 0xbf, 0x00, 0x00, 0x80, 0xbf, 0x00, 0x00, 0x80, 0xbf,
	0x00, 0x00, 0x80, 0xbf, 0x00, 0x00, 0x80, 0xbf, 0x00, 0x00, 0x80, 0xbf, 0x00, 0x00, 0x80, 0xbf,
	0x01, 0x00, 0x85, 0xbf, 0x00, 0xa2, 0x00, 0xf4, 0x10, 0x00, 0x00, 0xf8, 0x00, 0x41, 0x00, 0xf4,
	0x00, 0x00, 0x00, 0xf8, 0x81, 0x00, 0x02, 0x32, 0x8f, 0x00, 0xb4, 0x36, 0x73, 0x87, 0x02, 0x84,
	0x75, 0x87, 0x01, 0x84, 0x02, 0x00, 0x87, 0xbf, 0xc0, 0x02, 0xb6, 0x36, 0x88, 0x02, 0xb8, 0x36,
	0x00, 0x00, 0xc7, 0xbf, 0x0a, 0x80, 0x06, 0xbf, 0x18, 0x01, 0xa2, 0xbf, 0x82, 0x00, 0x14, 0x32,
	0x80, 0x02, 0xa2, 0x7e, 0xa0, 0x00, 0x83, 0xbe, 0x52, 0x02, 0x87, 0xbf, 0x02, 0x14, 0x08, 0x4a,
	0x83, 0x00, 0x02, 0x30, 0xc0, 0x14, 0x04, 0x38, 0x01, 0x14, 0x0a, 0x4a, 0x51, 0x01, 0x10, 0xca,
	0x51, 0x01, 0x1c, 0x0b, 0x98, 0x02, 0x02, 0x36, 0xc4, 0x01, 0x87, 0xbf, 0x01, 0x04, 0x06, 0x4a,
	0x51, 0x01, 0x20, 0xca, 0x02, 0x04, 0x02, 0x0d, 0x51, 0x01, 0x10, 0xca, 0x51, 0x01, 0x0e, 0x1e,
	0x51, 0x03, 0x40, 0x7e, 0x52, 0x7c, 0xfe, 0xd6, 0x03, 0x15, 0x04, 0x04, 0x51, 0x03, 0xa6, 0x7e,
	0x54, 0x7c, 0xfe, 0xd6, 0x05, 0x15, 0x04, 0x04, 0x56, 0x7c, 0xfe, 0xd6, 0x02, 0x15, 0x04, 0x04,
	0x51, 0x03, 0xae, 0x7e, 0x44, 0x02, 0x87, 0xbf, 0x81, 0xa4, 0x04, 0x3e, 0x51, 0x03, 0xaa, 0x7e,
	0x51, 0x01, 0x10, 0xca, 0x51, 0x01, 0x22, 0x11, 0x51, 0x01, 0x10, 0xca, 0x51, 0x01, 0x24, 0x13,
	0x58, 0x7c, 0xfe, 0xd6, 0x04, 0x15, 0x04, 0x04, 0x81, 0xac, 0x0c, 0x3e, 0x51, 0x03, 0xb2, 0x7e,
	0x81, 0xa8, 0x08, 0x3e, 0x02, 0x6a, 0x00, 0xd7, 0x06, 0x04, 0x02, 0x00, 0x07, 0x06, 0x06, 0x40,
	0x06, 0x6a, 0x00, 0xd7, 0x04, 0x0c, 0x02, 0x00, 0x81, 0xb0, 0x10, 0x3e, 0x05, 0x0e, 0x0e, 0x40,
	0x04, 0x6a, 0x00, 0xd7, 0x06, 0x08, 0x02, 0x00, 0x07, 0x0a, 0x0a, 0x40, 0x04, 0x00, 0x87, 0xbf,
	0x08, 0x6a, 0x00, 0xd7, 0x04, 0x10, 0x02, 0x00, 0x05, 0x12, 0x12, 0x40, 0x7c, 0xc0, 0x05, 0xee,
	0x4d, 0x00, 0x00, 0x00, 0x02, 0x00, 0x00, 0x00, 0x7c, 0xc0, 0x05, 0xee, 0x41, 0x00, 0x00, 0x00,
	0x06, 0x00, 0x00, 0x00, 0x7c, 0xc0, 0x05, 0xee, 0x45, 0x00, 0x00, 0x00, 0x04, 0x00, 0x00, 0x00,
	0x7c, 0xc0, 0x05, 0xee, 0x49, 0x00, 0x00, 0x00, 0x08, 0x00, 0x00, 0x00, 0x81, 0xb8, 0x04, 0x30,
	0xff, 0x00, 0x08, 0x36, 0x6f, 0x00, 0x00, 0x00, 0x5b, 0xb5, 0x06, 0x38, 0xff, 0x14, 0x0e, 0x16,
	0x50, 0x00, 0x00, 0x00, 0x51, 0x03, 0x14, 0x7e, 0xff, 0x04, 0x0c, 0x38, 0x00, 0x28, 0x00, 0x00,
	0xff, 0x08, 0x08, 0x16, 0x50, 0x00, 0x00, 0x00, 0xff, 0x06, 0x06, 0x16, 0x50, 0x00, 0x00, 0x00,
	0x51, 0x03, 0x18, 0x7e, 0x51, 0x01, 0x10, 0xca, 0x51, 0x01, 0x08, 0x08, 0x04, 0x00, 0x87, 0xbf,
	0x51, 0x01, 0x20, 0xca, 0x06, 0x09, 0x56, 0x1a, 0x51, 0x03, 0x20, 0x7e, 0x51, 0x01, 0x22, 0xca,
	0x81, 0x02, 0x00, 0x04, 0x51, 0x01, 0x20, 0xca, 0x02, 0x07, 0x54, 0x0e, 0x51, 0x01, 0x10, 0xca,
	0x51, 0x01, 0x02, 0x02, 0x51, 0x03, 0x28, 0x7e, 0x44, 0x02, 0x87, 0xbf, 0xff, 0x02, 0x0a, 0x38,
	0x00, 0x28, 0x00, 0x00, 0x01, 0x0f, 0xb2, 0x4a, 0x51, 0x01, 0x10, 0xca, 0x51, 0x01, 0x12, 0x01,
	0x51, 0x03, 0x0c, 0x7e, 0x05, 0x0f, 0xa6, 0x4a, 0x51, 0x01, 0x10, 0xca, 0x51, 0x01, 0x16, 0x05,
	0x51, 0x01, 0x10, 0xca, 0x51, 0x01, 0x18, 0x07, 0x51, 0x01, 0x10, 0xca, 0x51, 0x01, 0x26, 0x15,
	0x51, 0x01, 0x10, 0xca, 0x51, 0x01, 0x28, 0x17, 0x51, 0x01, 0x10, 0xca, 0x51, 0x01, 0x2a, 0x19,
	0x51, 0x01, 0x10, 0xca, 0x51, 0x01, 0x2c, 0x1b, 0x51, 0x01, 0x10, 0xca, 0x51, 0x01, 0x2e, 0x1d,
	0x51, 0x01, 0x10, 0xca, 0x51, 0x01, 0x30, 0x1f, 0x51, 0x01, 0x10, 0xca, 0x51, 0x01, 0x32, 0x21,
	0x51, 0x01, 0x10, 0xca, 0x51, 0x01, 0x34, 0x23, 0x51, 0x01, 0x10, 0xca, 0x51, 0x01, 0x36, 0x25,
	0x51, 0x01, 0x10, 0xca, 0x51, 0x01, 0x38, 0x27, 0x51, 0x01, 0x10, 0xca, 0x51, 0x01, 0x3a, 0x29,
	0x51, 0x01, 0x10, 0xca, 0x51, 0x01, 0x3c, 0x2b, 0x51, 0x01, 0x10, 0xca, 0x51, 0x01, 0x3e, 0x2d,
	0x51, 0x01, 0x10, 0xca, 0x51, 0x01, 0x40, 0x2f, 0x51, 0x03, 0x62, 0x7e, 0x51, 0x03, 0x66, 0x7e,
	0x51, 0x03, 0x6a, 0x7e, 0x51, 0x03, 0x6e, 0x7e, 0x51, 0x03, 0x72, 0x7e, 0x51, 0x03, 0x76, 0x7e,
	0x51, 0x03, 0x7a, 0x7e, 0x51, 0x03, 0x7e, 0x7e, 0x44, 0x00, 0xa0, 0xbf, 0x00, 0x00, 0xfc, 0xdb,
	0x57, 0x00, 0x00, 0x5d, 0x00, 0x00, 0xfc, 0xdb, 0x55, 0x00, 0x00, 0x61, 0x00, 0x05, 0xfc, 0xdb,
	0x57, 0x00, 0x00, 0x65, 0x00, 0x05, 0xfc, 0xdb, 0x55, 0x00, 0x00, 0x69, 0x00, 0x0a, 0xfc, 0xdb,
	0x55, 0x00, 0x00, 0x6d, 0x00, 0x0f, 0xfc, 0xdb, 0x55, 0x00, 0x00, 0x71, 0x20, 0x00, 0xfc, 0xdb,
	0x55, 0x00, 0x00, 0x75, 0x20, 0x00, 0xfc, 0xdb, 0x57, 0x00, 0x00, 0x79, 0x20, 0x05, 0xfc, 0xdb,
	0x57, 0x00, 0x00, 0x7d, 0x20, 0x05, 0xfc, 0xdb, 0x55, 0x00, 0x00, 0x81, 0x20, 0x0a, 0xfc, 0xdb,
	0x55, 0x00, 0x00, 0x85, 0x20, 0x0f, 0xfc, 0xdb, 0x55, 0x00, 0x00, 0x89, 0x03, 0xa0, 0x03, 0x81,
	0x0a, 0x00, 0xc6, 0xbf, 0x39, 0x40, 0x40, 0xcc, 0x61, 0xbb, 0xe6, 0x1c, 0x09, 0x00, 0xc6, 0xbf,
	0x31, 0x40, 0x40, 0xcc, 0x61, 0xcb, 0xc6, 0x1c, 0x08, 0x00, 0xc6, 0xbf, 0x29, 0x40, 0x40, 0xcc,
	0x69, 0xbb, 0xa6, 0x1c, 0x21, 0x40, 0x40, 0xcc, 0x69, 0xcb, 0x86, 0x1c, 0x07, 0x00, 0xc6, 0xbf,
	0x19, 0x40, 0x40, 0xcc, 0x6d, 0xbb, 0x66, 0x1c, 0x11, 0x40, 0x40, 0xcc, 0x6d, 0xcb, 0x46, 0x1c,
	0x06, 0x00, 0xc6, 0xbf, 0x09, 0x40, 0x40, 0xcc, 0x71, 0xbb, 0x26, 0x1c, 0x01, 0x40, 0x40, 0xcc,
	0x71, 0xcb, 0x06, 0x1c, 0x04, 0x00, 0xc6, 0xbf, 0x39, 0x40, 0x40, 0xcc, 0x75, 0xf3, 0xe6, 0x1c,
	0x03, 0x00, 0xc6, 0xbf, 0x31, 0x40, 0x40, 0xcc, 0x75, 0xfb, 0xc6, 0x1c, 0x02, 0x00, 0xc6, 0xbf,
	0x29, 0x40, 0x40, 0xcc, 0x81, 0xf3, 0xa6, 0x1c, 0x21, 0x40, 0x40, 0xcc, 0x81, 0xfb, 0x86, 0x1c,
	0x01, 0x00, 0xc6, 0xbf, 0x19, 0x40, 0x40, 0xcc, 0x85, 0xf3, 0x66, 0x1c, 0x11, 0x40, 0x40, 0xcc,
	0x85, 0xfb, 0x46, 0x1c, 0x00, 0x00, 0xc6, 0xbf, 0x09, 0x40, 0x40, 0xcc, 0x89, 0xf3, 0x26, 0x1c,
	0x01, 0x40, 0x40, 0xcc, 0x89, 0xfb, 0x06, 0x1c, 0x89, 0x00, 0xa4, 0xbf, 0x03, 0x0a, 0x09, 0xbf,
	0x7c, 0x00, 0x0b, 0xee, 0x00, 0x00, 0x04, 0x00, 0x00, 0x00, 0x00, 0x00, 0x00, 0x00, 0xc0, 0xbf,
	0xc1, 0x80, 0x00, 0x98, 0xc1, 0x4e, 0x80, 0xbe, 0x7e, 0x00, 0x6a, 0x8b, 0xff, 0xff, 0x94, 0xbf,
	0x7c, 0xc0, 0x0a, 0xee, 0x00, 0x00, 0x04, 0x00, 0x00, 0x00, 0x00, 0x00, 0x00, 0x00, 0x7c, 0xdb,
	0x59, 0x49, 0x00, 0x00, 0x00, 0x14, 0x7c, 0xdb, 0x59, 0x41, 0x00, 0x00, 0x00, 0x00, 0x7c, 0xdb,
	0x53, 0x45, 0x00, 0x00, 0x00, 0x14, 0x7c, 0xdb, 0x53, 0x4d, 0x00, 0x00, 0x7c, 0x00, 0x0b, 0xee,
	0x00, 0x00, 0x04, 0x00, 0x00, 0x00, 0x00, 0x00, 0x00, 0x00, 0xc6, 0xbf, 0xc1, 0x4e, 0x80, 0xbe,
	0xff, 0xff, 0x94, 0xbf, 0x7c, 0xc0, 0x0a, 0xee, 0x00, 0x00, 0x04, 0x00, 0x00, 0x00, 0x00, 0x00,
	0x9e, 0xff, 0xa4, 0xbf, 0x03, 0xb0, 0xa0, 0x4a, 0xa1, 0x00, 0x87, 0xbf, 0x81, 0xa0, 0x82, 0x3e,
	0x03, 0xa8, 0xa0, 0x4a, 0x81, 0xa0, 0x86, 0x3e, 0x03, 0xac, 0xa0, 0x4a, 0x94, 0x00, 0x87, 0xbf,
	0x41, 0x00, 0x00, 0xd7, 0x04, 0x82, 0x02, 0x00, 0x42, 0x00, 0x20, 0xd5, 0x05, 0x84, 0x02, 0x00,
	0xb3, 0x00, 0x87, 0xbf, 0x81, 0xa0, 0x8a, 0x3e, 0x03, 0xa4, 0xa0, 0x4a, 0x43, 0x00, 0x00, 0xd7,
	0x06, 0x86, 0x02, 0x00, 0x44, 0x00, 0x20, 0xd5, 0x07, 0x88, 0x02, 0x00, 0xa3, 0x00, 0x87, 0xbf,
	0x81, 0xa0, 0x8e, 0x3e, 0x4d, 0x00, 0x00, 0xd7, 0x04, 0x8a, 0x02, 0x00, 0x4e, 0x00, 0x20, 0xd5,
	0x05, 0x8c, 0x02, 0x00, 0x93, 0x00, 0x87, 0xbf, 0x4f, 0x00, 0x00, 0xd7, 0x06, 0x8e, 0x02, 0x00,
	0x50, 0x00, 0x20, 0xd5, 0x07, 0x90, 0x02, 0x00, 0x7c, 0xc0, 0x05, 0xee, 0x49, 0x00, 0x00, 0x00,
	0x41, 0x00, 0x00, 0x00, 0x7c, 0xc0, 0x05, 0xee, 0x45, 0x00, 0x00, 0x00, 0x43, 0x00, 0x00, 0x00,
	0x7c, 0xc0, 0x05, 0xee, 0x41, 0x00, 0x00, 0x00, 0x4d, 0x00, 0x00, 0x00, 0x7c, 0xc0, 0x05, 0xee,
	0x4d, 0x00, 0x00, 0x00, 0x4f, 0x00, 0x00, 0x00, 0x74, 0xff, 0xa0, 0xbf, 0x80, 0x02, 0x80, 0x7e,
	0x01, 0x00, 0x87, 0xbf, 0x40, 0x01, 0x10, 0xca, 0x40, 0x01, 0x3e, 0x3f, 0x40, 0x01, 0x10, 0xca,
	0x40, 0x01, 0x3c, 0x3d, 0x40, 0x01, 0x10, 0xca, 0x40, 0x01, 0x3a, 0x3b, 0x40, 0x01, 0x10, 0xca,
	0x40, 0x01, 0x38, 0x39, 0x40, 0x01, 0x10, 0xca, 0x40, 0x01, 0x36, 0x37, 0x40, 0x01, 0x10, 0xca,
	0x40, 0x01, 0x34, 0x35, 0x40, 0x01, 0x10, 0xca, 0x40, 0x01, 0x32, 0x33, 0x40, 0x01, 0x10, 0xca,
	0x40, 0x01, 0x30, 0x31, 0x40, 0x01, 0x10, 0xca, 0x40, 0x01, 0x2e, 0x2f, 0x40, 0x01, 0x10, 0xca,
	0x40, 0x01, 0x2c, 0x2d, 0x40, 0x01, 0x10, 0xca, 0x40, 0x01, 0x2a, 0x2b, 0x40, 0x01, 0x10, 0xca,
	0x40, 0x01, 0x28, 0x29, 0x40, 0x01, 0x10, 0xca, 0x40, 0x01, 0x26, 0x27, 0x40, 0x01, 0x10, 0xca,
	0x40, 0x01, 0x24, 0x25, 0x40, 0x01, 0x10, 0xca, 0x40, 0x01, 0x22, 0x23, 0x40, 0x01, 0x10, 0xca,
	0x40, 0x01, 0x20, 0x21, 0x40, 0x01, 0x10, 0xca, 0x40, 0x01, 0x1e, 0x1f, 0x40, 0x01, 0x10, 0xca,
	0x40, 0x01, 0x1c, 0x1d, 0x40, 0x01, 0x10, 0xca, 0x40, 0x01, 0x1a, 0x1b, 0x40, 0x01, 0x10, 0xca,
	0x40, 0x01, 0x18, 0x19, 0x40, 0x01, 0x10, 0xca, 0x40, 0x01, 0x16, 0x17, 0x40, 0x01, 0x10, 0xca,
	0x40, 0x01, 0x14, 0x15, 0x40, 0x01, 0x10, 0xca, 0x40, 0x01, 0x12, 0x13, 0x40, 0x01, 0x10, 0xca,
	0x40, 0x01, 0x10, 0x11, 0x40, 0x01, 0x10, 0xca, 0x40, 0x01, 0x0e, 0x0f, 0x40, 0x01, 0x10, 0xca,
	0x40, 0x01, 0x0c, 0x0d, 0x40, 0x01, 0x10, 0xca, 0x40, 0x01, 0x0a, 0x0b, 0x40, 0x01, 0x10, 0xca,
	0x40, 0x01, 0x08, 0x09, 0x40, 0x01, 0x10, 0xca, 0x40, 0x01, 0x06, 0x07, 0x40, 0x01, 0x10, 0xca,
	0x40, 0x01, 0x04, 0x05, 0x40, 0x01, 0x10, 0xca, 0x40, 0x01, 0x02, 0x03, 0x40, 0x03, 0x02, 0x7e,
	0x01, 0x00, 0xc0, 0xbf, 0x80, 0x00, 0x20, 0xca, 0x02, 0xb6, 0x40, 0x42, 0xff, 0x00, 0x00, 0x36,
	0x60, 0x00, 0x00, 0x00, 0x0a, 0x89, 0x00, 0x96, 0x12, 0x01, 0x87, 0xbf, 0x41, 0xb9, 0x82, 0x38,
	0x43, 0x00, 0x58, 0xd6, 0x00, 0x03, 0x68, 0x05, 0x12, 0x01, 0x87, 0xbf, 0x4c, 0x00, 0x2c, 0xd7,
	0x41, 0x15, 0x00, 0x00, 0x90, 0x86, 0x00, 0x38, 0x32, 0x01, 0x87, 0xbf, 0x43, 0x99, 0x82, 0x4a,
	0x00, 0x00, 0xc0, 0xbf, 0x0a, 0x98, 0x9a, 0x4a, 0x82, 0x82, 0x88, 0x3e, 0x22, 0x01, 0x87, 0xbf,
	0x43, 0x9b, 0x82, 0x4a, 0x0a, 0x9a, 0x9c, 0x4a, 0x82, 0x82, 0x8c, 0x3e, 0x42, 0x02, 0x87, 0xbf,
	0x43, 0x9d, 0x82, 0x4a, 0x0a, 0x9c, 0x9e, 0x4a, 0x44, 0x6a, 0x00, 0xd7, 0x08, 0x88, 0x02, 0x00,
	0x09, 0x8a, 0x8a, 0x40, 0x82, 0x82, 0x90, 0x3e, 0x04, 0x00, 0x87, 0xbf, 0x43, 0x9f, 0x82, 0x4a,
	0x0a, 0x9e, 0xa0, 0x4a, 0x7c, 0x80, 0x06, 0xee, 0x00, 0x00, 0x80, 0x1c, 0x44, 0x00, 0x00, 0x00,
	0x44, 0x6a, 0x00, 0xd7, 0x08, 0x8c, 0x02, 0x00, 0x09, 0x8e, 0x8a, 0x40, 0x82, 0x82, 0x8c, 0x3e,
	0x43, 0xa1, 0x82, 0x4a, 0x0a, 0xa0, 0xa2, 0x4a, 0x48, 0x6a, 0x00, 0xd7, 0x08, 0x90, 0x02, 0x00,
	0x7c, 0x80, 0x06, 0xee, 0x00, 0x00, 0x00, 0x1d, 0x44, 0x00, 0x00, 0x00, 0x82, 0x82, 0x72, 0x3e,
	0x43, 0xa3, 0x82, 0x4a, 0x0a, 0xa2, 0xa4, 0x4a, 0x09, 0x92, 0x92, 0x40, 0x44, 0x6a, 0x00, 0xd7,
	0x08, 0x8c, 0x02, 0x00, 0x09, 0x8e, 0x8a, 0x40, 0x82, 0x82, 0x8c, 0x3e, 0x43, 0xa5, 0x82, 0x4a,
	0x0a, 0xa4, 0xa6, 0x4a, 0x7c, 0x80, 0x06, 0xee, 0x00, 0x00, 0x80, 0x1d, 0x48, 0x00, 0x00, 0x00,
	0x39, 0x6a, 0x00, 0xd7, 0x08, 0x72, 0x02, 0x00, 0x82, 0x82, 0x90, 0x3e, 0x43, 0xa7, 0x82, 0x4a,
	0x09, 0x74, 0x74, 0x40, 0x46, 0x6a, 0x00, 0xd7, 0x08, 0x8c, 0x02, 0x00, 0x09, 0x8e, 0x8e, 0x40,
	0x04, 0x00, 0x87, 0xbf, 0x82, 0x82, 0x94, 0x3e, 0x00, 0x99, 0x82, 0x4a, 0x48, 0x6a, 0x00, 0xd7,
	0x08, 0x90, 0x02, 0x00, 0x09, 0x92, 0x92, 0x40, 0x03, 0x00, 0x85, 0xbf, 0x7c, 0x80, 0x06, 0xee,
	0x00, 0x00, 0x00, 0x1e, 0x44, 0x00, 0x00, 0x00, 0x7c, 0x80, 0x06, 0xee, 0x00, 0x00, 0x80, 0x1e,
	0x39, 0x00, 0x00, 0x00, 0x7c, 0x80, 0x06, 0xee, 0x00, 0x00, 0x00, 0x1f, 0x46, 0x00, 0x00, 0x00,
	0x7c, 0x80, 0x06, 0xee, 0x00, 0x00, 0x80, 0x1f, 0x48, 0x00, 0x00, 0x00, 0x82, 0x82, 0x72, 0x3e,
	0x00, 0x9b, 0x82, 0x4a, 0x3b, 0x6a, 0x00, 0xd7, 0x08, 0x94, 0x02, 0x00, 0x09, 0x96, 0x78, 0x40,
	0xc3, 0x01, 0x87, 0xbf, 0x82, 0x82, 0x7a, 0x3e, 0x00, 0x9d, 0x82, 0x4a, 0x39, 0x6a, 0x00, 0xd7,
	0x08, 0x72, 0x02, 0x00, 0x09, 0x74, 0x74, 0x40, 0x82, 0x82, 0x88, 0x3e, 0x00, 0x9f, 0x82, 0x4a,
	0x3d, 0x6a, 0x00, 0xd7, 0x08, 0x7a, 0x02, 0x00, 0x09, 0x7c, 0x7c, 0x40, 0x03, 0x00, 0x87, 0xbf,
	0x82, 0x82, 0x8c, 0x3e, 0x00, 0xa1, 0x82, 0x4a, 0x44, 0x6a, 0x00, 0xd7, 0x08, 0x88, 0x02, 0x00,
	0x09, 0x8a, 0x8a, 0x40, 0x03, 0x00, 0x85, 0xbf, 0x7c, 0x80, 0x06, 0xee, 0x00, 0x00, 0x00, 0x20,
	0x3b, 0x00, 0x00, 0x00, 0x7c, 0x80, 0x06, 0xee, 0x00, 0x00, 0x80, 0x18, 0x39, 0x00, 0x00, 0x00,
	0x7c, 0x80, 0x06, 0xee, 0x00, 0x00, 0x00, 0x19, 0x3d, 0x00, 0x00, 0x00, 0x7c, 0x80, 0x06, 0xee,
	0x00, 0x00, 0x80, 0x19, 0x44, 0x00, 0x00, 0x00, 0x82, 0x82, 0x62, 0x3e, 0x00, 0xa3, 0x82, 0x4a,
	0x39, 0x6a, 0x00, 0xd7, 0x08, 0x8c, 0x02, 0x00, 0x09, 0x8e, 0x74, 0x40, 0x43, 0x02, 0x87, 0xbf,
	0x82, 0x82, 0x76, 0x3e, 0x00, 0xa5, 0x82, 0x4a, 0x31, 0x6a, 0x00, 0xd7, 0x08, 0x62, 0x02, 0x00,
	0x09, 0x64, 0x64, 0x40, 0x3b, 0x6a, 0x00, 0xd7, 0x08, 0x76, 0x02, 0x00, 0x04, 0x00, 0x87, 0xbf,
	0x82, 0x82, 0x7a, 0x3e, 0x00, 0xa7, 0x82, 0x4a, 0x00, 0xa6, 0x7e, 0x4a, 0x09, 0x78, 0x78, 0x40,
	0x02, 0x00, 0x85, 0xbf, 0x7c, 0x80, 0x06, 0xee, 0x00, 0x00, 0x00, 0x1a, 0x39, 0x00, 0x00, 0x00,
	0x7c, 0x80, 0x06, 0xee, 0x00, 0x00, 0x80, 0x1a, 0x31, 0x00, 0x00, 0x00, 0x7c, 0x80, 0x06, 0xee,
	0x00, 0x00, 0x00, 0x1b, 0x3b, 0x00, 0x00, 0x00, 0x82, 0x82, 0x62, 0x3e, 0x43, 0x7f, 0x82, 0x4a,
	0x0a, 0x7e, 0x76, 0x4a, 0x33, 0x6a, 0x00, 0xd7, 0x08, 0x7a, 0x02, 0x00, 0x09, 0x7c, 0x68, 0x40,
	0x14, 0x02, 0x87, 0xbf, 0x82, 0x82, 0x6a, 0x3e, 0x43, 0x77, 0x82, 0x4a, 0x0a, 0x76, 0x78, 0x4a,
	0x31, 0x6a, 0x00, 0xd7, 0x08, 0x62, 0x02, 0x00, 0x09, 0x64, 0x64, 0x40, 0x35, 0x6a, 0x00, 0xd7,
	0x08, 0x6a, 0x02, 0x00, 0x82, 0x82, 0x72, 0x3e, 0x43, 0x79, 0x82, 0x4a, 0x0a, 0x78, 0x7a, 0x4a,
	0x09, 0x6c, 0x6c, 0x40, 0x02, 0x00, 0x85, 0xbf, 0x7c, 0x80, 0x06, 0xee, 0x00, 0x00, 0x80, 0x1b,
	0x33, 0x00, 0x00, 0x00, 0x7c, 0x80, 0x06, 0xee, 0x00, 0x00, 0x00, 0x1c, 0x31, 0x00, 0x00, 0x00,
	0x7c, 0x80, 0x06, 0xee, 0x00, 0x00, 0x80, 0x14, 0x35, 0x00, 0x00, 0x00, 0x82, 0x82, 0x62, 0x3e,
	0x43, 0x7b, 0x82, 0x4a, 0x33, 0x6a, 0x00, 0xd7, 0x08, 0x72, 0x02, 0x00, 0x0a, 0x7a, 0x72, 0x4a,
	0x09, 0x74, 0x68, 0x40, 0x24, 0x02, 0x87, 0xbf, 0x82, 0x82, 0x6a, 0x3e, 0x31, 0x6a, 0x00, 0xd7,
	0x08, 0x62, 0x02, 0x00, 0x43, 0x73, 0x82, 0x4a, 0x0a, 0x72, 0x74, 0x4a, 0x09, 0x64, 0x64, 0x40,
	0x35, 0x6a, 0x00, 0xd7, 0x08, 0x6a, 0x02, 0x00, 0x14, 0x02, 0x87, 0xbf, 0x82, 0x82, 0x6e, 0x3e,
	0x43, 0x75, 0x82, 0x4a, 0x0a, 0x74, 0x7c, 0x4a, 0x09, 0x6c, 0x6c, 0x40, 0x02, 0x00, 0x85, 0xbf,
	0x7c, 0x80, 0x06, 0xee, 0x00, 0x00, 0x00, 0x15, 0x33, 0x00, 0x00, 0x00, 0x7c, 0x80, 0x06, 0xee,
	0x00, 0x00, 0x80, 0x15, 0x31, 0x00, 0x00, 0x00, 0x7c, 0x80, 0x06, 0xee, 0x00, 0x00, 0x00, 0x16,
	0x35, 0x00, 0x00, 0x00, 0x82, 0x82, 0x52, 0x3e, 0x43, 0x7d, 0x82, 0x4a, 0x0a, 0x7c, 0x80, 0x4a,
	0x2b, 0x6a, 0x00, 0xd7, 0x08, 0x6e, 0x02, 0x00, 0x09, 0x70, 0x58, 0x40, 0x14, 0x02, 0x87, 0xbf,
	0x82, 0x82, 0x62, 0x3e, 0x43, 0x81, 0x82, 0x4a, 0x29, 0x6a, 0x00, 0xd7, 0x08, 0x52, 0x02, 0x00,
	0x09, 0x54, 0x54, 0x40, 0xc3, 0x01, 0x87, 0xbf, 0x82, 0x82, 0x66, 0x3e, 0x00, 0x7f, 0x82, 0x4a,
	0x31, 0x6a, 0x00, 0xd7, 0x08, 0x62, 0x02, 0x00, 0x09, 0x64, 0x64, 0x40, 0x82, 0x82, 0x6a, 0x3e,
	0x00, 0x77, 0x82, 0x4a, 0x33, 0x6a, 0x00, 0xd7, 0x08, 0x66, 0x02, 0x00, 0x09, 0x68, 0x68, 0x40,
	0x03, 0x00, 0x85, 0xbf, 0x7c, 0x80, 0x06, 0xee, 0x00, 0x00, 0x80, 0x16, 0x2b, 0x00, 0x00, 0x00,
	0x7c, 0x80, 0x06, 0xee, 0x00, 0x00, 0x00, 0x17, 0x29, 0x00, 0x00, 0x00, 0x7c, 0x80, 0x06, 0xee,
	0x00, 0x00, 0x80, 0x17, 0x31, 0x00, 0x00, 0x00, 0x7c, 0x80, 0x06, 0xee, 0x00, 0x00, 0x00, 0x18,
	0x33, 0x00, 0x00, 0x00, 0x82, 0x82, 0x52, 0x3e, 0x00, 0x79, 0x82, 0x4a, 0x2b, 0x6a, 0x00, 0xd7,
	0x08, 0x6a, 0x02, 0x00, 0x09, 0x6c, 0x58, 0x40, 0xc3, 0x01, 0x87, 0xbf, 0x82, 0x82, 0x5a, 0x3e,
	0x00, 0x7b, 0x82, 0x4a, 0x29, 0x6a, 0x00, 0xd7, 0x08, 0x52, 0x02, 0x00, 0x09, 0x54, 0x54, 0x40,
	0x82, 0x82, 0x5e, 0x3e, 0x00, 0x73, 0x82, 0x4a, 0x2d, 0x6a, 0x00, 0xd7, 0x08, 0x5a, 0x02, 0x00,
	0x09, 0x5c, 0x5c, 0x40, 0x03, 0x00, 0x87, 0xbf, 0x82, 0x82, 0x62, 0x3e, 0x00, 0x75, 0x82, 0x4a,
	0x2f, 0x6a, 0x00, 0xd7, 0x08, 0x5e, 0x02, 0x00, 0x09, 0x60, 0x60, 0x40, 0x03, 0x00, 0x85, 0xbf,
	0x7c, 0x80, 0x06, 0xee, 0x00, 0x00, 0x80, 0x10, 0x2b, 0x00, 0x00, 0x00, 0x7c, 0x80, 0x06, 0xee,
	0x00, 0x00, 0x00, 0x11, 0x29, 0x00, 0x00, 0x00, 0x7c, 0x80, 0x06, 0xee, 0x00, 0x00, 0x80, 0x11,
	0x2d, 0x00, 0x00, 0x00, 0x7c, 0x80, 0x06, 0xee, 0x00, 0x00, 0x00, 0x12, 0x2f, 0x00, 0x00, 0x00,
	0x82, 0x82, 0x42, 0x3e, 0x00, 0x7d, 0x82, 0x4a, 0x23, 0x6a, 0x00, 0xd7, 0x08, 0x62, 0x02, 0x00,
	0x00, 0x80, 0x5a, 0x4a, 0x09, 0x64, 0x48, 0x40, 0x44, 0x02, 0x87, 0xbf, 0x82, 0x82, 0x52, 0x3e,
	0x00, 0x81, 0x82, 0x4a, 0x21, 0x6a, 0x00, 0xd7, 0x08, 0x42, 0x02, 0x00, 0x09, 0x44, 0x44, 0x40,
	0x29, 0x6a, 0x00, 0xd7, 0x08, 0x52, 0x02, 0x00, 0x04, 0x00, 0x87, 0xbf, 0x82, 0x82, 0x56, 0x3e,
	0x43, 0x5b, 0x82, 0x4a, 0x0a, 0x5a, 0x5c, 0x4a, 0x09, 0x54, 0x54, 0x40, 0x02, 0x00, 0x85, 0xbf,
	0x7c, 0x80, 0x06, 0xee, 0x00, 0x00, 0x80, 0x12, 0x23, 0x00, 0x00, 0x00, 0x7c, 0x80, 0x06, 0xee,
	0x00, 0x00, 0x00, 0x13, 0x21, 0x00, 0x00, 0x00, 0x7c, 0x80, 0x06, 0xee, 0x00, 0x00, 0x80, 0x13,
	0x29, 0x00, 0x00, 0x00, 0x82, 0x82, 0x42, 0x3e, 0x43, 0x5d, 0x82, 0x4a, 0x0a, 0x5c, 0x4e, 0x4a,
	0x23, 0x6a, 0x00, 0xd7, 0x08, 0x56, 0x02, 0x00, 0x09, 0x58, 0x48, 0x40, 0x14, 0x02, 0x87, 0xbf,
	0x82, 0x82, 0x4a, 0x3e, 0x43, 0x4f, 0x82, 0x4a, 0x0a, 0x4e, 0x56, 0x4a, 0x21, 0x6a, 0x00, 0xd7,
	0x08, 0x42, 0x02, 0x00, 0x09, 0x44, 0x44, 0x40, 0x25, 0x6a, 0x00, 0xd7, 0x08, 0x4a, 0x02, 0x00,
	0x82, 0x82, 0x52, 0x3e, 0x43, 0x57, 0x82, 0x4a, 0x0a, 0x56, 0x58, 0x4a, 0x09, 0x4c, 0x4c, 0x40,
	0x02, 0x00, 0x85, 0xbf, 0x7c, 0x80, 0x06, 0xee, 0x00, 0x00, 0x00, 0x14, 0x23, 0x00, 0x00, 0x00,
	0x7c, 0x80, 0x06, 0xee, 0x00, 0x00, 0x80, 0x0c, 0x21, 0x00, 0x00, 0x00, 0x7c, 0x80, 0x06, 0xee,
	0x00, 0x00, 0x00, 0x0d, 0x25, 0x00, 0x00, 0x00, 0x82, 0x82, 0x32, 0x3e, 0x43, 0x59, 0x82, 0x4a,
	0x0a, 0x58, 0x50, 0x4a, 0x21, 0x6a, 0x00, 0xd7, 0x08, 0x52, 0x02, 0x00, 0x09, 0x54, 0x44, 0x40,
	0x14, 0x02, 0x87, 0xbf, 0x82, 0x82, 0x46, 0x3e, 0x43, 0x51, 0x82, 0x4a, 0x0a, 0x50, 0x52, 0x4a,
	0x19, 0x6a, 0x00, 0xd7, 0x08, 0x32, 0x02, 0x00, 0x09, 0x34, 0x34, 0x40, 0x23, 0x6a, 0x00, 0xd7,
	0x08, 0x46, 0x02, 0x00, 0x82, 0x82, 0x4a, 0x3e, 0x43, 0x53, 0x82, 0x4a, 0x0a, 0x52, 0x54, 0x4a,
	0x09, 0x48, 0x48, 0x40, 0x02, 0x00, 0x85, 0xbf, 0x7c, 0x80, 0x06, 0xee, 0x00, 0x00, 0x80, 0x0d,
	0x21, 0x00, 0x00, 0x00, 0x7c, 0x80, 0x06, 0xee, 0x00, 0x00, 0x00, 0x0e, 0x19, 0x00, 0x00, 0x00,
	0x7c, 0x80, 0x06, 0xee, 0x00, 0x00, 0x80, 0x0e, 0x23, 0x00, 0x00, 0x00, 0x82, 0x82, 0x32, 0x3e,
	0x43, 0x55, 0x82, 0x4a, 0x1b, 0x6a, 0x00, 0xd7, 0x08, 0x4a, 0x02, 0x00, 0x09, 0x4c, 0x38, 0x40,
	0xc3, 0x01, 0x87, 0xbf, 0x82, 0x82, 0x42, 0x3e, 0x00, 0x5b, 0x82, 0x4a, 0x19, 0x6a, 0x00, 0xd7,
	0x08, 0x32, 0x02, 0x00, 0x09, 0x34, 0x34, 0x40, 0x82, 0x82, 0x46, 0x3e, 0x00, 0x5d, 0x82, 0x4a,
	0x21, 0x6a, 0x00, 0xd7, 0x08, 0x42, 0x02, 0x00, 0x09, 0x44, 0x44, 0x40, 0x03, 0x00, 0x87, 0xbf,
	0x82, 0x82, 0x4a, 0x3e, 0x00, 0x4f, 0x82, 0x4a, 0x23, 0x6a, 0x00, 0xd7, 0x08, 0x46, 0x02, 0x00,
	0x09, 0x48, 0x48, 0x40, 0x03, 0x00, 0x85, 0xbf, 0x7c, 0x80, 0x06, 0xee, 0x00, 0x00, 0x00, 0x0f,
	0x1b, 0x00, 0x00, 0x00, 0x7c, 0x80, 0x06, 0xee, 0x00, 0x00, 0x80, 0x0f, 0x19, 0x00, 0x00, 0x00,
	0x7c, 0x80, 0x06, 0xee, 0x00, 0x00, 0x00, 0x10, 0x21, 0x00, 0x00, 0x00, 0x7c, 0x80, 0x06, 0xee,
	0x00, 0x00, 0x80, 0x08, 0x23, 0x00, 0x00, 0x00, 0x82, 0x82, 0x32, 0x3e, 0x00, 0x57, 0x82, 0x4a,
	0x1b, 0x6a, 0x00, 0xd7, 0x08, 0x4a, 0x02, 0x00, 0x09, 0x4c, 0x38, 0x40, 0xc3, 0x01, 0x87, 0xbf,
	0x82, 0x82, 0x3a, 0x3e, 0x00, 0x59, 0x82, 0x4a, 0x19, 0x6a, 0x00, 0xd7, 0x08, 0x32, 0x02, 0x00,
	0x09, 0x34, 0x34, 0x40, 0x82, 0x82, 0x3e, 0x3e, 0x00, 0x51, 0x82, 0x4a, 0x1d, 0x6a, 0x00, 0xd7,
	0x08, 0x3a, 0x02, 0x00, 0x09, 0x3c, 0x3c, 0x40, 0x03, 0x00, 0x87, 0xbf, 0x82, 0x82, 0x42, 0x3e,
	0x00, 0x53, 0x82, 0x4a, 0x1f, 0x6a, 0x00, 0xd7, 0x08, 0x3e, 0x02, 0x00, 0x09, 0x40, 0x40, 0x40,
	0x03, 0x00, 0x85, 0xbf, 0x7c, 0x80, 0x06, 0xee, 0x00, 0x00, 0x00, 0x09, 0x1b, 0x00, 0x00, 0x00,
	0x7c, 0x80, 0x06, 0xee, 0x00, 0x00, 0x80, 0x09, 0x19, 0x00, 0x00, 0x00, 0x7c, 0x80, 0x06, 0xee,
	0x00, 0x00, 0x00, 0x0a, 0x1d, 0x00, 0x00, 0x00, 0x7c, 0x80, 0x06, 0xee, 0x00, 0x00, 0x80, 0x0a,
	0x1f, 0x00, 0x00, 0x00, 0x82, 0x82, 0x22, 0x3e, 0x00, 0x55, 0x82, 0x4a, 0x00, 0x54, 0x3a, 0x4a,
	0x13, 0x6a, 0x00, 0xd7, 0x08, 0x42, 0x02, 0x00, 0x09, 0x44, 0x28, 0x40, 0x14, 0x02, 0x87, 0xbf,
	0x82, 0x82, 0x32, 0x3e, 0x43, 0x3b, 0x82, 0x4a, 0x0a, 0x3a, 0x3c, 0x4a, 0x11, 0x6a, 0x00, 0xd7,
	0x08, 0x22, 0x02, 0x00, 0x09, 0x24, 0x24, 0x40, 0x19, 0x6a, 0x00, 0xd7, 0x08, 0x32, 0x02, 0x00,
	0x82, 0x82, 0x36, 0x3e, 0x43, 0x3d, 0x82, 0x4a, 0x0a, 0x3c, 0x3e, 0x4a, 0x09, 0x34, 0x34, 0x40,
	0x02, 0x00, 0x85, 0xbf, 0x7c, 0x80, 0x06, 0xee, 0x00, 0x00, 0x00, 0x0b, 0x13, 0x00, 0x00, 0x00,
	0x7c, 0x80, 0x06, 0xee, 0x00, 0x00, 0x80, 0x0b, 0x11, 0x00, 0x00, 0x00, 0x7c, 0x80, 0x06, 0xee,
	0x00, 0x00, 0x00, 0x0c, 0x19, 0x00, 0x00, 0x00, 0x82, 0x82, 0x22, 0x3e, 0x43, 0x3f, 0x82, 0x4a,
	0x0a, 0x3e, 0x32, 0x4a, 0x13, 0x6a, 0x00, 0xd7, 0x08, 0x36, 0x02, 0x00, 0x09, 0x38, 0x28, 0x40,
	0x14, 0x02, 0x87, 0xbf, 0x82, 0x82, 0x2a, 0x3e, 0x43, 0x33, 0x82, 0x4a, 0x0a, 0x32, 0x34, 0x4a,
	0x11, 0x6a, 0x00, 0xd7, 0x08, 0x22, 0x02, 0x00, 0x09, 0x24, 0x24, 0x40, 0x15, 0x6a, 0x00, 0xd7,
	0x08, 0x2a, 0x02, 0x00, 0x82, 0x82, 0x2e, 0x3e, 0x43, 0x35, 0x82, 0x4a, 0x0a, 0x34, 0x36, 0x4a,
	0x09, 0x2c, 0x2c, 0x40, 0x02, 0x00, 0x85, 0xbf, 0x7c, 0x80, 0x06, 0xee, 0x00, 0x00, 0x80, 0x04,
	0x13, 0x00, 0x00, 0x00, 0x7c, 0x80, 0x06, 0xee, 0x00, 0x00, 0x00, 0x05, 0x11, 0x00, 0x00, 0x00,
	0x7c, 0x80, 0x06, 0xee, 0x00, 0x00, 0x80, 0x05, 0x15, 0x00, 0x00, 0x00, 0x82, 0x82, 0x12, 0x3e,
	0x43, 0x37, 0x82, 0x4a, 0x0a, 0x36, 0x38, 0x4a, 0x11, 0x6a, 0x00, 0xd7, 0x08, 0x2e, 0x02, 0x00,
	0x09, 0x30, 0x24, 0x40, 0x14, 0x02, 0x87, 0xbf, 0x82, 0x82, 0x26, 0x3e, 0x43, 0x39, 0x82, 0x4a,
	0x0a, 0x38, 0x40, 0x4a, 0x09, 0x6a, 0x00, 0xd7, 0x08, 0x12, 0x02, 0x00, 0x09, 0x14, 0x14, 0x40,
	0x14, 0x02, 0x87, 0xbf, 0x82, 0x82, 0x2a, 0x3e, 0x43, 0x41, 0x82, 0x4a, 0x13, 0x6a, 0x00, 0xd7,
	0x08, 0x26, 0x02, 0x00, 0x09, 0x28, 0x28, 0x40, 0x03, 0x00, 0x87, 0xbf, 0x82, 0x82, 0x2e, 0x3e,
	0x00, 0x3b, 0x82, 0x4a, 0x15, 0x6a, 0x00, 0xd7, 0x08, 0x2a, 0x02, 0x00, 0x09, 0x2c, 0x2c, 0x40,
	0x03, 0x00, 0x85, 0xbf, 0x7c, 0x80, 0x06, 0xee, 0x00, 0x00, 0x00, 0x06, 0x11, 0x00, 0x00, 0x00,
	0x7c, 0x80, 0x06, 0xee, 0x00, 0x00, 0x80, 0x06, 0x09, 0x00, 0x00, 0x00, 0x7c, 0x80, 0x06, 0xee,
	0x00, 0x00, 0x00, 0x07, 0x13, 0x00, 0x00, 0x00, 0x7c, 0x80, 0x06, 0xee, 0x00, 0x00, 0x80, 0x07,
	0x15, 0x00, 0x00, 0x00, 0x82, 0x82, 0x12, 0x3e, 0x00, 0x3d, 0x82, 0x4a, 0x0b, 0x6a, 0x00, 0xd7,
	0x08, 0x2e, 0x02, 0x00, 0x09, 0x30, 0x18, 0x40, 0xc3, 0x01, 0x87, 0xbf, 0x82, 0x82, 0x1a, 0x3e,
	0x00, 0x3f, 0x82, 0x4a, 0x09, 0x6a, 0x00, 0xd7, 0x08, 0x12, 0x02, 0x00, 0x09, 0x14, 0x14, 0x40,
	0x82, 0x82, 0x22, 0x3e, 0x00, 0x33, 0x82, 0x4a, 0x0d, 0x6a, 0x00, 0xd7, 0x08, 0x1a, 0x02, 0x00,
	0x09, 0x1c, 0x1c, 0x40, 0x03, 0x00, 0x87, 0xbf, 0x82, 0x82, 0x26, 0x3e, 0x00, 0x35, 0x82, 0x4a,
	0x11, 0x6a, 0x00, 0xd7, 0x08, 0x22, 0x02, 0x00, 0x09, 0x24, 0x24, 0x40, 0x03, 0x00, 0x85, 0xbf,
	0x7c, 0x80, 0x06, 0xee, 0x00, 0x00, 0x00, 0x08, 0x0b, 0x00, 0x00, 0x00, 0x7c, 0x80, 0x06, 0xee,
	0x00, 0x00, 0x80, 0x00, 0x09, 0x00, 0x00, 0x00, 0x7c, 0x80, 0x06, 0xee, 0x00, 0x00, 0x00, 0x01,
	0x0d, 0x00, 0x00, 0x00, 0x7c, 0x80, 0x06, 0xee, 0x00, 0x00, 0x80, 0x01, 0x11, 0x00, 0x00, 0x00,
	0x82, 0x82, 0x02, 0x3e, 0x00, 0x37, 0x82, 0x4a, 0x09, 0x6a, 0x00, 0xd7, 0x08, 0x26, 0x02, 0x00,
	0x09, 0x28, 0x14, 0x40, 0xc3, 0x01, 0x87, 0xbf, 0x82, 0x82, 0x16, 0x3e, 0x00, 0x39, 0x82, 0x4a,
	0x01, 0x6a, 0x00, 0xd7, 0x08, 0x02, 0x02, 0x00, 0x09, 0x04, 0x04, 0x40, 0x82, 0x82, 0x1a, 0x3e,
	0x00, 0x41, 0x82, 0x4a, 0x0b, 0x6a, 0x00, 0xd7, 0x08, 0x16, 0x02, 0x00, 0x09, 0x18, 0x18, 0x40,
	0xb3, 0x01, 0x87, 0xbf, 0x82, 0x82, 0x1e, 0x3e, 0x0d, 0x6a, 0x00, 0xd7, 0x08, 0x1a, 0x02, 0x00,
	0x09, 0x1c, 0x1c, 0x40, 0x0f, 0x6a, 0x00, 0xd7, 0x08, 0x1e, 0x02, 0x00, 0x04, 0x00, 0x87, 0xbf,
	0x09, 0x20, 0x20, 0x40, 0x04, 0x00, 0x85, 0xbf, 0x7c, 0x80, 0x06, 0xee, 0x00, 0x00, 0x00, 0x02,
	0x09, 0x00, 0x00, 0x00, 0x7c, 0x80, 0x06, 0xee, 0x00, 0x00, 0x80, 0x02, 0x01, 0x00, 0x00, 0x00,
	0x7c, 0x80, 0x06, 0xee, 0x00, 0x00, 0x00, 0x03, 0x0b, 0x00, 0x00, 0x00, 0x7c, 0x80, 0x06, 0xee,
	0x00, 0x00, 0x80, 0x03, 0x0d, 0x00, 0x00, 0x00, 0x7c, 0x80, 0x06, 0xee, 0x00, 0x00, 0x00, 0x04,
	0x0f, 0x00, 0x00, 0x00, 0x00, 0x00, 0x80, 0xbf, 0x03, 0x00, 0xb6, 0xbf, 0x00, 0x00, 0xb0, 0xbf,
	0x00, 0x00, 0x80, 0xbf, 0x00, 0x00, 0x80, 0xbf, 0x00, 0x00, 0x80, 0xbf, 0x00, 0x00, 0x80, 0xbf,
	0x00, 0x00, 0x80, 0xbf, 0x00, 0x00, 0x80, 0xbf, 0x00, 0x00, 0x80, 0xbf, 0x00, 0x00, 0x80, 0xbf,
	0x00, 0x00, 0x80, 0xbf, 0x00, 0x00, 0x80, 0xbf, 0x00, 0x00, 0x80, 0xbf, 0x00, 0x00, 0x80, 0xbf,
	0x00, 0x00, 0x80, 0xbf, 0x00, 0x00, 0x80, 0xbf, 0x00, 0x00, 0x80, 0xbf, 0x00, 0x00, 0x80, 0xbf,
	0x00, 0x00, 0x80, 0xbf, 0x00, 0x00, 0x80, 0xbf, 0x00, 0x00, 0x80, 0xbf, 0x00, 0x00, 0x80, 0xbf,
	0x00, 0x00, 0x80, 0xbf, 0x00, 0x00, 0x80, 0xbf, 0x00, 0x00, 0x80, 0xbf, 0x00, 0x00, 0x80, 0xbf,
	0x00, 0x00, 0x80, 0xbf, 0x00, 0x00, 0x80, 0xbf, 0x00, 0x00, 0x80, 0xbf, 0x00, 0x00, 0x80, 0xbf,
	0x00, 0x00, 0x80, 0xbf, 0x00, 0x00, 0x80, 0xbf, 0x00, 0x00, 0x80, 0xbf, 0x00, 0x00, 0x80, 0xbf,
	0x00, 0x00, 0x80, 0xbf, 0x00, 0x00, 0x80, 0xbf, 0x00, 0x00, 0x80, 0xbf, 0x00, 0x00, 0x80, 0xbf,
	0x00, 0x00, 0x80, 0xbf, 0x00, 0x00, 0x80, 0xbf, 0x00, 0x00, 0x80, 0xbf, 0x00, 0x00, 0x80, 0xbf,
	0x00, 0x00, 0x80, 0xbf, 0x00, 0x00, 0x80, 0xbf, 0x00, 0x00, 0x80, 0xbf, 0x00, 0x00, 0x80, 0xbf,
	0x00, 0x00, 0x80, 0xbf, 0x00, 0x00, 0x80, 0xbf, 0x00, 0x00, 0x80, 0xbf, 0x00, 0x00, 0x80, 0xbf,
	0x00, 0x00, 0x80, 0xbf, 0x00, 0x00, 0x80, 0xbf, 0x00, 0x00, 0x80, 0xbf, 0x00, 0x00, 0x80, 0xbf,
	0x01, 0x00, 0x85, 0xbf, 0x00, 0xa2, 0x00, 0xf4, 0x10, 0x00, 0x00, 0xf8, 0x00, 0x41, 0x00, 0xf4,
	0x00, 0x00, 0x00, 0xf8, 0x81, 0x00, 0x02, 0x32, 0x8f, 0x00, 0xb4, 0x36, 0x73, 0x87, 0x02, 0x84,
	0x75, 0x87, 0x01, 0x84, 0x02, 0x00, 0x87, 0xbf, 0xc0, 0x02, 0xb6, 0x36, 0x88, 0x02, 0xb8, 0x36,
	0x00, 0x00, 0xc7, 0xbf, 0x0a, 0x80, 0x06, 0xbf, 0x18, 0x01, 0xa2, 0xbf, 0x82, 0x00, 0x14, 0x32,
	0x80, 0x02, 0xa2, 0x7e, 0xa0, 0x00, 0x83, 0xbe, 0x52, 0x02, 0x87, 0xbf, 0x02, 0x14, 0x08, 0x4a,
	0x83, 0x00, 0x02, 0x30, 0xc0, 0x14, 0x04, 0x38, 0x01, 0x14, 0x0a, 0x4a, 0x51, 0x01, 0x10, 0xca,
	0x51, 0x01, 0x1c, 0x0b, 0x98, 0x02, 0x02, 0x36, 0xc4, 0x01, 0x87, 0xbf, 0x01, 0x04, 0x06, 0x4a,
	0x51, 0x01, 0x20, 0xca, 0x02, 0x04, 0x02, 0x0d, 0x51, 0x01, 0x10, 0xca, 0x51, 0x01, 0x0e, 0x1e,
	0x51, 0x03, 0x40, 0x7e, 0x52, 0x7c, 0xfe, 0xd6, 0x03, 0x15, 0x04, 0x04, 0x51, 0x03, 0xa6, 0x7e,
	0x54, 0x7c, 0xfe, 0xd6, 0x05, 0x15, 0x04, 0x04, 0x56, 0x7c, 0xfe, 0xd6, 0x02, 0x15, 0x04, 0x04,
	0x51, 0x03, 0xae, 0x7e, 0x44, 0x02, 0x87, 0xbf, 0x81, 0xa4, 0x04, 0x3e, 0x51, 0x03, 0xaa, 0x7e,
	0x51, 0x01, 0x10, 0xca, 0x51, 0x01, 0x22, 0x11, 0x51, 0x01, 0x10, 0xca, 0x51, 0x01, 0x24, 0x13,
	0x58, 0x7c, 0xfe, 0xd6, 0x04, 0x15, 0x04, 0x04, 0x81, 0xac, 0x0c, 0x3e, 0x51, 0x03, 0xb2, 0x7e,
	0x81, 0xa8, 0x08, 0x3e, 0x02, 0x6a, 0x00, 0xd7, 0x06, 0x04, 0x02, 0x00, 0x07, 0x06, 0x06, 0x40,
	0x06, 0x6a, 0x00, 0xd7, 0x04, 0x0c, 0x02, 0x00, 0x81, 0xb0, 0x10, 0x3e, 0x05, 0x0e, 0x0e, 0x40,
	0x04, 0x6a, 0x00, 0xd7, 0x06, 0x08, 0x02, 0x00, 0x07, 0x0a, 0x0a, 0x40, 0x04, 0x00, 0x87, 0xbf,
	0x08, 0x6a, 0x00, 0xd7, 0x04, 0x10, 0x02, 0x00, 0x05, 0x12, 0x12, 0x40, 0x7c, 0xc0, 0x05, 0xee,
	0x4d, 0x00, 0x00, 0x00, 0x02, 0x00, 0x00, 0x00, 0x7c, 0xc0, 0x05, 0xee, 0x41, 0x00, 0x00, 0x00,
	0x06, 0x00, 0x00, 0x00, 0x7c, 0xc0, 0x05, 0xee, 0x45, 0x00, 0x00, 0x00, 0x04, 0x00, 0x00, 0x00,
	0x7c, 0xc0, 0x05, 0xee, 0x49, 0x00, 0x00, 0x00, 0x08, 0x00, 0x00, 0x00, 0x81, 0xb8, 0x04, 0x30,
	0xff, 0x00, 0x08, 0x36, 0x6f, 0x00, 0x00, 0x00, 0x5b, 0xb5, 0x06, 0x38, 0xff, 0x14, 0x0e, 0x16,
	0x50, 0x00, 0x00, 0x00, 0x51, 0x03, 0x14, 0x7e, 0xff, 0x04, 0x0c, 0x38, 0x00, 0x28, 0x00, 0x00,
	0xff, 0x08, 0x08, 0x16, 0x50, 0x00, 0x00, 0x00, 0xff, 0x06, 0x06, 0x16, 0x50, 0x00, 0x00, 0x00,
	0x51, 0x03, 0x18, 0x7e, 0x51, 0x01, 0x10, 0xca, 0x51, 0x01, 0x08, 0x08, 0x04, 0x00, 0x87, 0xbf,
	0x51, 0x01, 0x20, 0xca, 0x06, 0x09, 0x56, 0x1a, 0x51, 0x03, 0x20, 0x7e, 0x51, 0x01, 0x22, 0xca,
	0x81, 0x02, 0x00, 0x04, 0x51, 0x01, 0x20, 0xca, 0x02, 0x07, 0x54, 0x0e, 0x51, 0x01, 0x10, 0xca,
	0x51, 0x01, 0x02, 0x02, 0x51, 0x03, 0x28, 0x7e, 0x44, 0x02, 0x87, 0xbf, 0xff, 0x02, 0x0a, 0x38,
	0x00, 0x28, 0x00, 0x00, 0x01, 0x0f, 0xb2, 0x4a, 0x51, 0x01, 0x10, 0xca, 0x51, 0x01, 0x12, 0x01,
	0x51, 0x03, 0x0c, 0x7e, 0x05, 0x0f, 0xa6, 0x4a, 0x51, 0x01, 0x10, 0xca, 0x51, 0x01, 0x16, 0x05,
	0x51, 0x01, 0x10, 0xca, 0x51, 0x01, 0x18, 0x07, 0x51, 0x01, 0x10, 0xca, 0x51, 0x01, 0x26, 0x15,
	0x51, 0x01, 0x10, 0xca, 0x51, 0x01, 0x28, 0x17, 0x51, 0x01, 0x10, 0xca, 0x51, 0x01, 0x2a, 0x19,
	0x51, 0x01, 0x10, 0xca, 0x51, 0x01, 0x2c, 0x1b, 0x51, 0x01, 0x10, 0xca, 0x51, 0x01, 0x2e, 0x1d,
	0x51, 0x01, 0x10, 0xca, 0x51, 0x01, 0x30, 0x1f, 0x51, 0x01, 0x10, 0xca, 0x51, 0x01, 0x32, 0x21,
	0x51, 0x01, 0x10, 0xca, 0x51, 0x01, 0x34, 0x23, 0x51, 0x01, 0x10, 0xca, 0x51, 0x01, 0x36, 0x25,
	0x51, 0x01, 0x10, 0xca, 0x51, 0x01, 0x38, 0x27, 0x51, 0x01, 0x10, 0xca, 0x51, 0x01, 0x3a, 0x29,
	0x51, 0x01, 0x10, 0xca, 0x51, 0x01, 0x3c, 0x2b, 0x51, 0x01, 0x10, 0xca, 0x51, 0x01, 0x3e, 0x2d,
	0x51, 0x01, 0x10, 0xca, 0x51, 0x01, 0x40, 0x2f, 0x51, 0x03, 0x62, 0x7e, 0x51, 0x03, 0x66, 0x7e,
	0x51, 0x03, 0x6a, 0x7e, 0x51, 0x03, 0x6e, 0x7e, 0x51, 0x03, 0x72, 0x7e, 0x51, 0x03, 0x76, 0x7e,
	0x51, 0x03, 0x7a, 0x7e, 0x51, 0x03, 0x7e, 0x7e, 0x44, 0x00, 0xa0, 0xbf, 0x00, 0x00, 0xfc, 0xdb,
	0x57, 0x00, 0x00, 0x5d, 0x00, 0x00, 0xfc, 0xdb, 0x55, 0x00, 0x00, 0x61, 0x00, 0x05, 0xfc, 0xdb,
	0x57, 0x00, 0x00, 0x65, 0x00, 0x05, 0xfc, 0xdb, 0x55, 0x00, 0x00, 0x69, 0x00, 0x0a, 0xfc, 0xdb,
	0x55, 0x00, 0x00, 0x6d, 0x00, 0x0f, 0xfc, 0xdb, 0x55, 0x00, 0x00, 0x71, 0x20, 0x00, 0xfc, 0xdb,
	0x55, 0x00, 0x00, 0x75, 0x20, 0x00, 0xfc, 0xdb, 0x57, 0x00, 0x00, 0x79, 0x20, 0x05, 0xfc, 0xdb,
	0x57, 0x00, 0x00, 0x7d, 0x20, 0x05, 0xfc, 0xdb, 0x55, 0x00, 0x00, 0x81, 0x20, 0x0a, 0xfc, 0xdb,
	0x55, 0x00, 0x00, 0x85, 0x20, 0x0f, 0xfc, 0xdb, 0x55, 0x00, 0x00, 0x89, 0x03, 0xa0, 0x03, 0x81,
	0x0a, 0x00, 0xc6, 0xbf, 0x39, 0x40, 0x41, 0xcc, 0x61, 0xbb, 0xe6, 0x1c, 0x09, 0x00, 0xc6, 0xbf,
	0x31, 0x40, 0x41, 0xcc, 0x61, 0xcb, 0xc6, 0x1c, 0x08, 0x00, 0xc6, 0xbf, 0x29, 0x40, 0x41, 0xcc,
	0x69, 0xbb, 0xa6, 0x1c, 0x21, 0x40, 0x41, 0xcc, 0x69, 0xcb, 0x86, 0x1c, 0x07, 0x00, 0xc6, 0xbf,
	0x19, 0x40, 0x41, 0xcc, 0x6d, 0xbb, 0x66, 0x1c, 0x11, 0x40, 0x41, 0xcc, 0x6d, 0xcb, 0x46, 0x1c,
	0x06, 0x00, 0xc6, 0xbf, 0x09, 0x40, 0x41, 0xcc, 0x71, 0xbb, 0x26, 0x1c, 0x01, 0x40, 0x41, 0xcc,
	0x71, 0xcb, 0x06, 0x1c, 0x04, 0x00, 0xc6, 0xbf, 0x39, 0x40, 0x41, 0xcc, 0x75, 0xf3, 0xe6, 0x1c,
	0x03, 0x00, 0xc6, 0xbf, 0x31, 0x40, 0x41, 0xcc, 0x75, 0xfb, 0xc6, 0x1c, 0x02, 0x00, 0xc6, 0xbf,
	0x29, 0x40, 0x41, 0xcc, 0x81, 0xf3, 0xa6, 0x1c, 0x21, 0x40, 0x41, 0xcc, 0x81, 0xfb, 0x86, 0x1c,
	0x01, 0x00, 0xc6, 0xbf, 0x19, 0x40, 0x41, 0xcc, 0x85, 0xf3, 0x66, 0x1c, 0x11, 0x40, 0x41, 0xcc,
	0x85, 0xfb, 0x46, 0x1c, 0x00, 0x00, 0xc6, 0xbf, 0x09, 0x40, 0x41, 0xcc, 0x89, 0xf3, 0x26, 0x1c,
	0x01, 0x40, 0x41, 0xcc, 0x89, 0xfb, 0x06, 0x1c, 0x89, 0x00, 0xa4, 0xbf, 0x03, 0x0a, 0x09, 0xbf,
	0x7c, 0x00, 0x0b, 0xee, 0x00, 0x00, 0x04, 0x00, 0x00, 0x00, 0x00, 0x00, 0x00, 0x00, 0xc0, 0xbf,
	0xc1, 0x80, 0x00, 0x98, 0xc1, 0x4e, 0x80, 0xbe, 0x7e, 0x00, 0x6a, 0x8b, 0xff, 0xff, 0x94, 0xbf,
	0x7c, 0xc0, 0x0a, 0xee, 0x00, 0x00, 0x04, 0x00, 0x00, 0x00, 0x00, 0x00, 0x00, 0x00, 0x7c, 0xdb,
	0x59, 0x49, 0x00, 0x00, 0x00, 0x14, 0x7c, 0xdb, 0x59, 0x41, 0x00, 0x00, 0x00, 0x00, 0x7c, 0xdb,
	0x53, 0x45, 0x00, 0x00, 0x00, 0x14, 0x7c, 0xdb, 0x53, 0x4d, 0x00, 0x00, 0x7c, 0x00, 0x0b, 0xee,
	0x00, 0x00, 0x04, 0x00, 0x00, 0x00, 0x00, 0x00, 0x00, 0x00, 0xc6, 0xbf, 0xc1, 0x4e, 0x80, 0xbe,
	0xff, 0xff, 0x94, 0xbf, 0x7c, 0xc0, 0x0a, 0xee, 0x00, 0x00, 0x04, 0x00, 0x00, 0x00, 0x00, 0x00,
	0x9e, 0xff, 0xa4, 0xbf, 0x03, 0xb0, 0xa0, 0x4a, 0xa1, 0x00, 0x87, 0xbf, 0x81, 0xa0, 0x82, 0x3e,
	0x03, 0xa8, 0xa0, 0x4a, 0x81, 0xa0, 0x86, 0x3e, 0x03, 0xac, 0xa0, 0x4a, 0x94, 0x00, 0x87, 0xbf,
	0x41, 0x00, 0x00, 0xd7, 0x04, 0x82, 0x02, 0x00, 0x42, 0x00, 0x20, 0xd5, 0x05, 0x84, 0x02, 0x00,
	0xb3, 0x00, 0x87, 0xbf, 0x81, 0xa0, 0x8a, 0x3e, 0x03, 0xa4, 0xa0, 0x4a, 0x43, 0x00, 0x00, 0xd7,
	0x06, 0x86, 0x02, 0x00, 0x44, 0x00, 0x20, 0xd5, 0x07, 0x88, 0x02, 0x00, 0xa3, 0x00, 0x87, 0xbf,
	0x81, 0xa0, 0x8e, 0x3e, 0x4d, 0x00, 0x00, 0xd7, 0x04, 0x8a, 0x02, 0x00, 0x4e, 0x00, 0x20, 0xd5,
	0x05, 0x8c, 0x02, 0x00, 0x93, 0x00, 0x87, 0xbf, 0x4f, 0x00, 0x00, 0xd7, 0x06, 0x8e, 0x02, 0x00,
	0x50, 0x00, 0x20, 0xd5, 0x07, 0x90, 0x02, 0x00, 0x7c, 0xc0, 0x05, 0xee, 0x49, 0x00, 0x00, 0x00,
	0x41, 0x00, 0x00, 0x00, 0x7c, 0xc0, 0x05, 0xee, 0x45, 0x00, 0x00, 0x00, 0x43, 0x00, 0x00, 0x00,
	0x7c, 0xc0, 0x05, 0xee, 0x41, 0x00, 0x00, 0x00, 0x4d, 0x00, 0x00, 0x00, 0x7c, 0xc0, 0x05, 0xee,
	0x4d, 0x00, 0x00, 0x00, 0x4f, 0x00, 0x00, 0x00, 0x74, 0xff, 0xa0, 0xbf, 0x80, 0x02, 0x80, 0x7e,
	0x01, 0x00, 0x87, 0xbf, 0x40, 0x01, 0x10, 0xca, 0x40, 0x01, 0x3e, 0x3f, 0x40, 0x01, 0x10, 0xca,
	0x40, 0x01, 0x3c, 0x3d, 0x40, 0x01, 0x10, 0xca, 0x40, 0x01, 0x3a, 0x3b, 0x40, 0x01, 0x10, 0xca,
	0x40, 0x01, 0x38, 0x39, 0x40, 0x01, 0x10, 0xca, 0x40, 0x01, 0x36, 0x37, 0x40, 0x01, 0x10, 0xca,
	0x40, 0x01, 0x34, 0x35, 0x40, 0x01, 0x10, 0xca, 0x40, 0x01, 0x32, 0x33, 0x40, 0x01, 0x10, 0xca,
	0x40, 0x01, 0x30, 0x31, 0x40, 0x01, 0x10, 0xca, 0x40, 0x01, 0x2e, 0x2f, 0x40, 0x01, 0x10, 0xca,
	0x40, 0x01, 0x2c, 0x2d, 0x40, 0x01, 0x10, 0xca, 0x40, 0x01, 0x2a, 0x2b, 0x40, 0x01, 0x10, 0xca,
	0x40, 0x01, 0x28, 0x29, 0x40, 0x01, 0x10, 0xca, 0x40, 0x01, 0x26, 0x27, 0x40, 0x01, 0x10, 0xca,
	0x40, 0x01, 0x24, 0x25, 0x40, 0x01, 0x10, 0xca, 0x40, 0x01, 0x22, 0x23, 0x40, 0x01, 0x10, 0xca,
	0x40, 0x01, 0x20, 0x21, 0x40, 0x01, 0x10, 0xca, 0x40, 0x01, 0x1e, 0x1f, 0x40, 0x01, 0x10, 0xca,
	0x40, 0x01, 0x1c, 0x1d, 0x40, 0x01, 0x10, 0xca, 0x40, 0x01, 0x1a, 0x1b, 0x40, 0x01, 0x10, 0xca,
	0x40, 0x01, 0x18, 0x19, 0x40, 0x01, 0x10, 0xca, 0x40, 0x01, 0x16, 0x17, 0x40, 0x01, 0x10, 0xca,
	0x40, 0x01, 0x14, 0x15, 0x40, 0x01, 0x10, 0xca, 0x40, 0x01, 0x12, 0x13, 0x40, 0x01, 0x10, 0xca,
	0x40, 0x01, 0x10, 0x11, 0x40, 0x01, 0x10, 0xca, 0x40, 0x01, 0x0e, 0x0f, 0x40, 0x01, 0x10, 0xca,
	0x40, 0x01, 0x0c, 0x0d, 0x40, 0x01, 0x10, 0xca, 0x40, 0x01, 0x0a, 0x0b, 0x40, 0x01, 0x10, 0xca,
	0x40, 0x01, 0x08, 0x09, 0x40, 0x01, 0x10, 0xca, 0x40, 0x01, 0x06, 0x07, 0x40, 0x01, 0x10, 0xca,
	0x40, 0x01, 0x04, 0x05, 0x40, 0x01, 0x10, 0xca, 0x40, 0x01, 0x02, 0x03, 0x40, 0x03, 0x02, 0x7e,
	0x01, 0x00, 0xc0, 0xbf, 0x80, 0x00, 0x20, 0xca, 0x02, 0xb6, 0x40, 0x42, 0xff, 0x00, 0x00, 0x36,
	0x60, 0x00, 0x00, 0x00, 0x0a, 0x89, 0x00, 0x96, 0x12, 0x01, 0x87, 0xbf, 0x41, 0xb9, 0x82, 0x38,
	0x43, 0x00, 0x58, 0xd6, 0x00, 0x03, 0x68, 0x05, 0x12, 0x01, 0x87, 0xbf, 0x4c, 0x00, 0x2c, 0xd7,
	0x41, 0x15, 0x00, 0x00, 0x90, 0x86, 0x00, 0x38, 0x32, 0x01, 0x87, 0xbf, 0x43, 0x99, 0x82, 0x4a,
	0x00, 0x00, 0xc0, 0xbf, 0x0a, 0x98, 0x9a, 0x4a, 0x82, 0x82, 0x88, 0x3e, 0x22, 0x01, 0x87, 0xbf,
	0x43, 0x9b, 0x82, 0x4a, 0x0a, 0x9a, 0x9c, 0x4a, 0x82, 0x82, 0x8c, 0x3e, 0x42, 0x02, 0x87, 0xbf,
	0x43, 0x9d, 0x82, 0x4a, 0x0a, 0x9c, 0x9e, 0x4a, 0x44, 0x6a, 0x00, 0xd7, 0x08, 0x88, 0x02, 0x00,
	0x09, 0x8a, 0x8a, 0x40, 0x82, 0x82, 0x90, 0x3e, 0x04, 0x00, 0x87, 0xbf, 0x43, 0x9f, 0x82, 0x4a,
	0x0a, 0x9e, 0xa0, 0x4a, 0x7c, 0x80, 0x06, 0xee, 0x00, 0x00, 0x80, 0x1c, 0x44, 0x00, 0x00, 0x00,
	0x44, 0x6a, 0x00, 0xd7, 0x08, 0x8c, 0x02, 0x00, 0x09, 0x8e, 0x8a, 0x40, 0x82, 0x82, 0x8c, 0x3e,
	0x43, 0xa1, 0x82, 0x4a, 0x0a, 0xa0, 0xa2, 0x4a, 0x48, 0x6a, 0x00, 0xd7, 0x08, 0x90, 0x02, 0x00,
	0x7c, 0x80, 0x06, 0xee, 0x00, 0x00, 0x00, 0x1d, 0x44, 0x00, 0x00, 0x00, 0x82, 0x82, 0x72, 0x3e,
	0x43, 0xa3, 0x82, 0x4a, 0x0a, 0xa2, 0xa4, 0x4a, 0x09, 0x92, 0x92, 0x40, 0x44, 0x6a, 0x00, 0xd7,
	0x08, 0x8c, 0x02, 0x00, 0x09, 0x8e, 0x8a, 0x40, 0x82, 0x82, 0x8c, 0x3e, 0x43, 0xa5, 0x82, 0x4a,
	0x0a, 0xa4, 0xa6, 0x4a, 0x7c, 0x80, 0x06, 0xee, 0x00, 0x00, 0x80, 0x1d, 0x48, 0x00, 0x00, 0x00,
	0x39, 0x6a, 0x00, 0xd7, 0x08, 0x72, 0x02, 0x00, 0x82, 0x82, 0x90, 0x3e, 0x43, 0xa7, 0x82, 0x4a,
	0x09, 0x74, 0x74, 0x40, 0x46, 0x6a, 0x00, 0xd7, 0x08, 0x8c, 0x02, 0x00, 0x09, 0x8e, 0x8e, 0x40,
	0x04, 0x00, 0x87, 0xbf, 0x82, 0x82, 0x94, 0x3e, 0x00, 0x99, 0x82, 0x4a, 0x48, 0x6a, 0x00, 0xd7,
	0x08, 0x90, 0x02, 0x00, 0x09, 0x92, 0x92, 0x40, 0x03, 0x00, 0x85, 0xbf, 0x7c, 0x80, 0x06, 0xee,
	0x00, 0x00, 0x00, 0x1e, 0x44, 0x00, 0x00, 0x00, 0x7c, 0x80, 0x06, 0xee, 0x00, 0x00, 0x80, 0x1e,
	0x39, 0x00, 0x00, 0x00, 0x7c, 0x80, 0x06, 0xee, 0x00, 0x00, 0x00, 0x1f, 0x46, 0x00, 0x00, 0x00,
	0x7c, 0x80, 0x06, 0xee, 0x00, 0x00, 0x80, 0x1f, 0x48, 0x00, 0x00, 0x00, 0x82, 0x82, 0x72, 0x3e,
	0x00, 0x9b, 0x82, 0x4a, 0x3b, 0x6a, 0x00, 0xd7, 0x08, 0x94, 0x02, 0x00, 0x09, 0x96, 0x78, 0x40,
	0xc3, 0x01, 0x87, 0xbf, 0x82, 0x82, 0x7a, 0x3e, 0x00, 0x9d, 0x82, 0x4a, 0x39, 0x6a, 0x00, 0xd7,
	0x08, 0x72, 0x02, 0x00, 0x09, 0x74, 0x74, 0x40, 0x82, 0x82, 0x88, 0x3e, 0x00, 0x9f, 0x82, 0x4a,
	0x3d, 0x6a, 0x00, 0xd7, 0x08, 0x7a, 0x02, 0x00, 0x09, 0x7c, 0x7c, 0x40, 0x03, 0x00, 0x87, 0xbf,
	0x82, 0x82, 0x8c, 0x3e, 0x00, 0xa1, 0x82, 0x4a, 0x44, 0x6a, 0x00, 0xd7, 0x08, 0x88, 0x02, 0x00,
	0x09, 0x8a, 0x8a, 0x40, 0x03, 0x00, 0x85, 0xbf, 0x7c, 0x80, 0x06, 0xee, 0x00, 0x00, 0x00, 0x20,
	0x3b, 0x00, 0x00, 0x00, 0x7c, 0x80, 0x06, 0xee, 0x00, 0x00, 0x80, 0x18, 0x39, 0x00, 0x00, 0x00,
	0x7c, 0x80, 0x06, 0xee, 0x00, 0x00, 0x00, 0x19, 0x3d, 0x00, 0x00, 0x00, 0x7c, 0x80, 0x06, 0xee,
	0x00, 0x00, 0x80, 0x19, 0x44, 0x00, 0x00, 0x00, 0x82, 0x82, 0x62, 0x3e, 0x00, 0xa3, 0x82, 0x4a,
	0x39, 0x6a, 0x00, 0xd7, 0x08, 0x8c, 0x02, 0x00, 0x09, 0x8e, 0x74, 0x40, 0x43, 0x02, 0x87, 0xbf,
	0x82, 0x82, 0x76, 0x3e, 0x00, 0xa5, 0x82, 0x4a, 0x31, 0x6a, 0x00, 0xd7, 0x08, 0x62, 0x02, 0x00,
	0x09, 0x64, 0x64, 0x40, 0x3b, 0x6a, 0x00, 0xd7, 0x08, 0x76, 0x02, 0x00, 0x04, 0x00, 0x87, 0xbf,
	0x82, 0x82, 0x7a, 0x3e, 0x00, 0xa7, 0x82, 0x4a, 0x00, 0xa6, 0x7e, 0x4a, 0x09, 0x78, 0x78, 0x40,
	0x02, 0x00, 0x85, 0xbf, 0x7c, 0x80, 0x06, 0xee, 0x00, 0x00, 0x00, 0x1a, 0x39, 0x00, 0x00, 0x00,
	0x7c, 0x80, 0x06, 0xee, 0x00, 0x00, 0x80, 0x1a, 0x31, 0x00, 0x00, 0x00, 0x7c, 0x80, 0x06, 0xee,
	0x00, 0x00, 0x00, 0x1b, 0x3b, 0x00, 0x00, 0x00, 0x82, 0x82, 0x62, 0x3e, 0x43, 0x7f, 0x82, 0x4a,
	0x0a, 0x7e, 0x76, 0x4a, 0x33, 0x6a, 0x00, 0xd7, 0x08, 0x7a, 0x02, 0x00, 0x09, 0x7c, 0x68, 0x40,
	0x14, 0x02, 0x87, 0xbf, 0x82, 0x82, 0x6a, 0x3e, 0x43, 0x77, 0x82, 0x4a, 0x0a, 0x76, 0x78, 0x4a,
	0x31, 0x6a, 0x00, 0xd7, 0x08, 0x62, 0x02, 0x00, 0x09, 0x64, 0x64, 0x40, 0x35, 0x6a, 0x00, 0xd7,
	0x08, 0x6a, 0x02, 0x00, 0x82, 0x82, 0x72, 0x3e, 0x43, 0x79, 0x82, 0x4a, 0x0a, 0x78, 0x7a, 0x4a,
	0x09, 0x6c, 0x6c, 0x40, 0x02, 0x00, 0x85, 0xbf, 0x7c, 0x80, 0x06, 0xee, 0x00, 0x00, 0x80, 0x1b,
	0x33, 0x00, 0x00, 0x00, 0x7c, 0x80, 0x06, 0xee, 0x00, 0x00, 0x00, 0x1c, 0x31, 0x00, 0x00, 0x00,
	0x7c, 0x80, 0x06, 0xee, 0x00, 0x00, 0x80, 0x14, 0x35, 0x00, 0x00, 0x00, 0x82, 0x82, 0x62, 0x3e,
	0x43, 0x7b, 0x82, 0x4a, 0x33, 0x6a, 0x00, 0xd7, 0x08, 0x72, 0x02, 0x00, 0x0a, 0x7a, 0x72, 0x4a,
	0x09, 0x74, 0x68, 0x40, 0x24, 0x02, 0x87, 0xbf, 0x82, 0x82, 0x6a, 0x3e, 0x31, 0x6a, 0x00, 0xd7,
	0x08, 0x62, 0x02, 0x00, 0x43, 0x73, 0x82, 0x4a, 0x0a, 0x72, 0x74, 0x4a, 0x09, 0x64, 0x64, 0x40,
	0x35, 0x6a, 0x00, 0xd7, 0x08, 0x6a, 0x02, 0x00, 0x14, 0x02, 0x87, 0xbf, 0x82, 0x82, 0x6e, 0x3e,
	0x43, 0x75, 0x82, 0x4a, 0x0a, 0x74, 0x7c, 0x4a, 0x09, 0x6c, 0x6c, 0x40, 0x02, 0x00, 0x85, 0xbf,
	0x7c, 0x80, 0x06, 0xee, 0x00, 0x00, 0x00, 0x15, 0x33, 0x00, 0x00, 0x00, 0x7c, 0x80, 0x06, 0xee,
	0x00, 0x00, 0x80, 0x15, 0x31, 0x00, 0x00, 0x00, 0x7c, 0x80, 0x06, 0xee, 0x00, 0x00, 0x00, 0x16,
	0x35, 0x00, 0x00, 0x00, 0x82, 0x82, 0x52, 0x3e, 0x43, 0x7d, 0x82, 0x4a, 0x0a, 0x7c, 0x80, 0x4a,
	0x2b, 0x6a, 0x00, 0xd7, 0x08, 0x6e, 0x02, 0x00, 0x09, 0x70, 0x58, 0x40, 0x14, 0x02, 0x87, 0xbf,
	0x82, 0x82, 0x62, 0x3e, 0x43, 0x81, 0x82, 0x4a, 0x29, 0x6a, 0x00, 0xd7, 0x08, 0x52, 0x02, 0x00,
	0x09, 0x54, 0x54, 0x40, 0xc3, 0x01, 0x87, 0xbf, 0x82, 0x82, 0x66, 0x3e, 0x00, 0x7f, 0x82, 0x4a,
	0x31, 0x6a, 0x00, 0xd7, 0x08, 0x62, 0x02, 0x00, 0x09, 0x64, 0x64, 0x40, 0x82, 0x82, 0x6a, 0x3e,
	0x00, 0x77, 0x82, 0x4a, 0x33, 0x6a, 0x00, 0xd7, 0x08, 0x66, 0x02, 0x00, 0x09, 0x68, 0x68, 0x40,
	0x03, 0x00, 0x85, 0xbf, 0x7c, 0x80, 0x06, 0xee, 0x00, 0x00, 0x80, 0x16, 0x2b, 0x00, 0x00, 0x00,
	0x7c, 0x80, 0x06, 0xee, 0x00, 0x00, 0x00, 0x17, 0x29, 0x00, 0x00, 0x00, 0x7c, 0x80, 0x06, 0xee,
	0x00, 0x00, 0x80, 0x17, 0x31, 0x00, 0x00, 0x00, 0x7c, 0x80, 0x06, 0xee, 0x00, 0x00, 0x00, 0x18,
	0x33, 0x00, 0x00, 0x00, 0x82, 0x82, 0x52, 0x3e, 0x00, 0x79, 0x82, 0x4a, 0x2b, 0x6a, 0x00, 0xd7,
	0x08, 0x6a, 0x02, 0x00, 0x09, 0x6c, 0x58, 0x40, 0xc3, 0x01, 0x87, 0xbf, 0x82, 0x82, 0x5a, 0x3e,
	0x00, 0x7b, 0x82, 0x4a, 0x29, 0x6a, 0x00, 0xd7, 0x08, 0x52, 0x02, 0x00, 0x09, 0x54, 0x54, 0x40,
	0x82, 0x82, 0x5e, 0x3e, 0x00, 0x73, 0x82, 0x4a, 0x2d, 0x6a, 0x00, 0xd7, 0x08, 0x5a, 0x02, 0x00,
	0x09, 0x5c, 0x5c, 0x40, 0x03, 0x00, 0x87, 0xbf, 0x82, 0x82, 0x62, 0x3e, 0x00, 0x75, 0x82, 0x4a,
	0x2f, 0x6a, 0x00, 0xd7, 0x08, 0x5e, 0x02, 0x00, 0x09, 0x60, 0x60, 0x40, 0x03, 0x00, 0x85, 0xbf,
	0x7c, 0x80, 0x06, 0xee, 0x00, 0x00, 0x80, 0x10, 0x2b, 0x00, 0x00, 0x00, 0x7c, 0x80, 0x06, 0xee,
	0x00, 0x00, 0x00, 0x11, 0x29, 0x00, 0x00, 0x00, 0x7c, 0x80, 0x06, 0xee, 0x00, 0x00, 0x80, 0x11,
	0x2d, 0x00, 0x00, 0x00, 0x7c, 0x80, 0x06, 0xee, 0x00, 0x00, 0x00, 0x12, 0x2f, 0x00, 0x00, 0x00,
	0x82, 0x82, 0x42, 0x3e, 0x00, 0x7d, 0x82, 0x4a, 0x23, 0x6a, 0x00, 0xd7, 0x08, 0x62, 0x02, 0x00,
	0x00, 0x80, 0x5a, 0x4a, 0x09, 0x64, 0x48, 0x40, 0x44, 0x02, 0x87, 0xbf, 0x82, 0x82, 0x52, 0x3e,
	0x00, 0x81, 0x82, 0x4a, 0x21, 0x6a, 0x00, 0xd7, 0x08, 0x42, 0x02, 0x00, 0x09, 0x44, 0x44, 0x40,
	0x29, 0x6a, 0x00, 0xd7, 0x08, 0x52, 0x02, 0x00, 0x04, 0x00, 0x87, 0xbf, 0x82, 0x82, 0x56, 0x3e,
	0x43, 0x5b, 0x82, 0x4a, 0x0a, 0x5a, 0x5c, 0x4a, 0x09, 0x54, 0x54, 0x40, 0x02, 0x00, 0x85, 0xbf,
	0x7c, 0x80, 0x06, 0xee, 0x00, 0x00, 0x80, 0x12, 0x23, 0x00, 0x00, 0x00, 0x7c, 0x80, 0x06, 0xee,
	0x00, 0x00, 0x00, 0x13, 0x21, 0x00, 0x00, 0x00, 0x7c, 0x80, 0x06, 0xee, 0x00, 0x00, 0x80, 0x13,
	0x29, 0x00, 0x00, 0x00, 0x82, 0x82, 0x42, 0x3e, 0x43, 0x5d, 0x82, 0x4a, 0x0a, 0x5c, 0x4e, 0x4a,
	0x23, 0x6a, 0x00, 0xd7, 0x08, 0x56, 0x02, 0x00, 0x09, 0x58, 0x48, 0x40, 0x14, 0x02, 0x87, 0xbf,
	0x82, 0x82, 0x4a, 0x3e, 0x43, 0x4f, 0x82, 0x4a, 0x0a, 0x4e, 0x56, 0x4a, 0x21, 0x6a, 0x00, 0xd7,
	0x08, 0x42, 0x02, 0x00, 0x09, 0x44, 0x44, 0x40, 0x25, 0x6a, 0x00, 0xd7, 0x08, 0x4a, 0x02, 0x00,
	0x82, 0x82, 0x52, 0x3e, 0x43, 0x57, 0x82, 0x4a, 0x0a, 0x56, 0x58, 0x4a, 0x09, 0x4c, 0x4c, 0x40,
	0x02, 0x00, 0x85, 0xbf, 0x7c, 0x80, 0x06, 0xee, 0x00, 0x00, 0x00, 0x14, 0x23, 0x00, 0x00, 0x00,
	0x7c, 0x80, 0x06, 0xee, 0x00, 0x00, 0x80, 0x0c, 0x21, 0x00, 0x00, 0x00, 0x7c, 0x80, 0x06, 0xee,
	0x00, 0x00, 0x00, 0x0d, 0x25, 0x00, 0x00, 0x00, 0x82, 0x82, 0x32, 0x3e, 0x43, 0x59, 0x82, 0x4a,
	0x0a, 0x58, 0x50, 0x4a, 0x21, 0x6a, 0x00, 0xd7, 0x08, 0x52, 0x02, 0x00, 0x09, 0x54, 0x44, 0x40,
	0x14, 0x02, 0x87, 0xbf, 0x82, 0x82, 0x46, 0x3e, 0x43, 0x51, 0x82, 0x4a, 0x0a, 0x50, 0x52, 0x4a,
	0x19, 0x6a, 0x00, 0xd7, 0x08, 0x32, 0x02, 0x00, 0x09, 0x34, 0x34, 0x40, 0x23, 0x6a, 0x00, 0xd7,
	0x08, 0x46, 0x02, 0x00, 0x82, 0x82, 0x4a, 0x3e, 0x43, 0x53, 0x82, 0x4a, 0x0a, 0x52, 0x54, 0x4a,
	0x09, 0x48, 0x48, 0x40, 0x02, 0x00, 0x85, 0xbf, 0x7c, 0x80, 0x06, 0xee, 0x00, 0x00, 0x80, 0x0d,
	0x21, 0x00, 0x00, 0x00, 0x7c, 0x80, 0x06, 0xee, 0x00, 0x00, 0x00, 0x0e, 0x19, 0x00, 0x00, 0x00,
	0x7c, 0x80, 0x06, 0xee, 0x00, 0x00, 0x80, 0x0e, 0x23, 0x00, 0x00, 0x00, 0x82, 0x82, 0x32, 0x3e,
	0x43, 0x55, 0x82, 0x4a, 0x1b, 0x6a, 0x00, 0xd7, 0x08, 0x4a, 0x02, 0x00, 0x09, 0x4c, 0x38, 0x40,
	0xc3, 0x01, 0x87, 0xbf, 0x82, 0x82, 0x42, 0x3e, 0x00, 0x5b, 0x82, 0x4a, 0x19, 0x6a, 0x00, 0xd7,
	0x08, 0x32, 0x02, 0x00, 0x09, 0x34, 0x34, 0x40, 0x82, 0x82, 0x46, 0x3e, 0x00, 0x5d, 0x82, 0x4a,
	0x21, 0x6a, 0x00, 0xd7, 0x08, 0x42, 0x02, 0x00, 0x09, 0x44, 0x44, 0x40, 0x03, 0x00, 0x87, 0xbf,
	0x82, 0x82, 0x4a, 0x3e, 0x00, 0x4f, 0x82, 0x4a, 0x23, 0x6a, 0x00, 0xd7, 0x08, 0x46, 0x02, 0x00,
	0x09, 0x48, 0x48, 0x40, 0x03, 0x00, 0x85, 0xbf, 0x7c, 0x80, 0x06, 0xee, 0x00, 0x00, 0x00, 0x0f,
	0x1b, 0x00, 0x00, 0x00, 0x7c, 0x80, 0x06, 0xee, 0x00, 0x00, 0x80, 0x0f, 0x19, 0x00, 0x00, 0x00,
	0x7c, 0x80, 0x06, 0xee, 0x00, 0x00, 0x00, 0x10, 0x21, 0x00, 0x00, 0x00, 0x7c, 0x80, 0x06, 0xee,
	0x00, 0x00, 0x80, 0x08, 0x23, 0x00, 0x00, 0x00, 0x82, 0x82, 0x32, 0x3e, 0x00, 0x57, 0x82, 0x4a,
	0x1b, 0x6a, 0x00, 0xd7, 0x08, 0x4a, 0x02, 0x00, 0x09, 0x4c, 0x38, 0x40, 0xc3, 0x01, 0x87, 0xbf,
	0x82, 0x82, 0x3a, 0x3e, 0x00, 0x59, 0x82, 0x4a, 0x19, 0x6a, 0x00, 0xd7, 0x08, 0x32, 0x02, 0x00,
	0x09, 0x34, 0x34, 0x40, 0x82, 0x82, 0x3e, 0x3e, 0x00, 0x51, 0x82, 0x4a, 0x1d, 0x6a, 0x00, 0xd7,
	0x08, 0x3a, 0x02, 0x00, 0x09, 0x3c, 0x3c, 0x40, 0x03, 0x00, 0x87, 0xbf, 0x82, 0x82, 0x42, 0x3e,
	0x00, 0x53, 0x82, 0x4a, 0x1f, 0x6a, 0x00, 0xd7, 0x08, 0x3e, 0x02, 0x00, 0x09, 0x40, 0x40, 0x40,
	0x03, 0x00, 0x85, 0xbf, 0x7c, 0x80, 0x06, 0xee, 0x00, 0x00, 0x00, 0x09, 0x1b, 0x00, 0x00, 0x00,
	0x7c, 0x80, 0x06, 0xee, 0x00, 0x00, 0x80, 0x09, 0x19, 0x00, 0x00, 0x00, 0x7c, 0x80, 0x06, 0xee,
	0x00, 0x00, 0x00, 0x0a, 0x1d, 0x00, 0x00, 0x00, 0x7c, 0x80, 0x06, 0xee, 0x00, 0x00, 0x80, 0x0a,
	0x1f, 0x00, 0x00, 0x00, 0x82, 0x82, 0x22, 0x3e, 0x00, 0x55, 0x82, 0x4a, 0x00, 0x54, 0x3a, 0x4a,
	0x13, 0x6a, 0x00, 0xd7, 0x08, 0x42, 0x02, 0x00, 0x09, 0x44, 0x28, 0x40, 0x14, 0x02, 0x87, 0xbf,
	0x82, 0x82, 0x32, 0x3e, 0x43, 0x3b, 0x82, 0x4a, 0x0a, 0x3a, 0x3c, 0x4a, 0x11, 0x6a, 0x00, 0xd7,
	0x08, 0x22, 0x02, 0x00, 0x09, 0x24, 0x24, 0x40, 0x19, 0x6a, 0x00, 0xd7, 0x08, 0x32, 0x02, 0x00,
	0x82, 0x82, 0x36, 0x3e, 0x43, 0x3d, 0x82, 0x4a, 0x0a, 0x3c, 0x3e, 0x4a, 0x09, 0x34, 0x34, 0x40,
	0x02, 0x00, 0x85, 0xbf, 0x7c, 0x80, 0x06, 0xee, 0x00, 0x00, 0x00, 0x0b, 0x13, 0x00, 0x00, 0x00,
	0x7c, 0x80, 0x06, 0xee, 0x00, 0x00, 0x80, 0x0b, 0x11, 0x00, 0x00, 0x00, 0x7c, 0x80, 0x06, 0xee,
	0x00, 0x00, 0x00, 0x0c, 0x19, 0x00, 0x00, 0x00, 0x82, 0x82, 0x22, 0x3e, 0x43, 0x3f, 0x82, 0x4a,
	0x0a, 0x3e, 0x32, 0x4a, 0x13, 0x6a, 0x00, 0xd7, 0x08, 0x36, 0x02, 0x00, 0x09, 0x38, 0x28, 0x40,
	0x14, 0x02, 0x87, 0xbf, 0x82, 0x82, 0x2a, 0x3e, 0x43, 0x33, 0x82, 0x4a, 0x0a, 0x32, 0x34, 0x4a,
	0x11, 0x6a, 0x00, 0xd7, 0x08, 0x22, 0x02, 0x00, 0x09, 0x24, 0x24, 0x40, 0x15, 0x6a, 0x00, 0xd7,
	0x08, 0x2a, 0x02, 0x00, 0x82, 0x82, 0x2e, 0x3e, 0x43, 0x35, 0x82, 0x4a, 0x0a, 0x34, 0x36, 0x4a,
	0x09, 0x2c, 0x2c, 0x40, 0x02, 0x00, 0x85, 0xbf, 0x7c, 0x80, 0x06, 0xee, 0x00, 0x00, 0x80, 0x04,
	0x13, 0x00, 0x00, 0x00, 0x7c, 0x80, 0x06, 0xee, 0x00, 0x00, 0x00, 0x05, 0x11, 0x00, 0x00, 0x00,
	0x7c, 0x80, 0x06, 0xee, 0x00, 0x00, 0x80, 0x05, 0x15, 0x00, 0x00, 0x00, 0x82, 0x82, 0x12, 0x3e,
	0x43, 0x37, 0x82, 0x4a, 0x0a, 0x36, 0x38, 0x4a, 0x11, 0x6a, 0x00, 0xd7, 0x08, 0x2e, 0x02, 0x00,
	0x09, 0x30, 0x24, 0x40, 0x14, 0x02, 0x87, 0xbf, 0x82, 0x82, 0x26, 0x3e, 0x43, 0x39, 0x82, 0x4a,
	0x0a, 0x38, 0x40, 0x4a, 0x09, 0x6a, 0x00, 0xd7, 0x08, 0x12, 0x02, 0x00, 0x09, 0x14, 0x14, 0x40,
	0x14, 0x02, 0x87, 0xbf, 0x82, 0x82, 0x2a, 0x3e, 0x43, 0x41, 0x82, 0x4a, 0x13, 0x6a, 0x00, 0xd7,
	0x08, 0x26, 0x02, 0x00, 0x09, 0x28, 0x28, 0x40, 0x03, 0x00, 0x87, 0xbf, 0x82, 0x82, 0x2e, 0x3e,
	0x00, 0x3b, 0x82, 0x4a, 0x15, 0x6a, 0x00, 0xd7, 0x08, 0x2a, 0x02, 0x00, 0x09, 0x2c, 0x2c, 0x40,
	0x03, 0x00, 0x85, 0xbf, 0x7c, 0x80, 0x06, 0xee, 0x00, 0x00, 0x00, 0x06, 0x11, 0x00, 0x00, 0x00,
	0x7c, 0x80, 0x06, 0xee, 0x00, 0x00, 0x80, 0x06, 0x09, 0x00, 0x00, 0x00, 0x7c, 0x80, 0x06, 0xee,
	0x00, 0x00, 0x00, 0x07, 0x13, 0x00, 0x00, 0x00, 0x7c, 0x80, 0x06, 0xee, 0x00, 0x00, 0x80, 0x07,
	0x15, 0x00, 0x00, 0x00, 0x82, 0x82, 0x12, 0x3e, 0x00, 0x3d, 0x82, 0x4a, 0x0b, 0x6a, 0x00, 0xd7,
	0x08, 0x2e, 0x02, 0x00, 0x09, 0x30, 0x18, 0x40, 0xc3, 0x01, 0x87, 0xbf, 0x82, 0x82, 0x1a, 0x3e,
	0x00, 0x3f, 0x82, 0x4a, 0x09, 0x6a, 0x00, 0xd7, 0x08, 0x12, 0x02, 0x00, 0x09, 0x14, 0x14, 0x40,
	0x82, 0x82, 0x22, 0x3e, 0x00, 0x33, 0x82, 0x4a, 0x0d, 0x6a, 0x00, 0xd7, 0x08, 0x1a, 0x02, 0x00,
	0x09, 0x1c, 0x1c, 0x40, 0x03, 0x00, 0x87, 0xbf, 0x82, 0x82, 0x26, 0x3e, 0x00, 0x35, 0x82, 0x4a,
	0x11, 0x6a, 0x00, 0xd7, 0x08, 0x22, 0x02, 0x00, 0x09, 0x24, 0x24, 0x40, 0x03, 0x00, 0x85, 0xbf,
	0x7c, 0x80, 0x06, 0xee, 0x00, 0x00, 0x00, 0x08, 0x0b, 0x00, 0x00, 0x00, 0x7c, 0x80, 0x06, 0xee,
	0x00, 0x00, 0x80, 0x00, 0x09, 0x00, 0x00, 0x00, 0x7c, 0x80, 0x06, 0xee, 0x00, 0x00, 0x00, 0x01,
	0x0d, 0x00, 0x00, 0x00, 0x7c, 0x80, 0x06, 0xee, 0x00, 0x00, 0x80, 0x01, 0x11, 0x00, 0x00, 0x00,
	0x82, 0x82, 0x02, 0x3e, 0x00, 0x37, 0x82, 0x4a, 0x09, 0x6a, 0x00, 0xd7, 0x08, 0x26, 0x02, 0x00,
	0x09, 0x28, 0x14, 0x40, 0xc3, 0x01, 0x87, 0xbf, 0x82, 0x82, 0x16, 0x3e, 0x00, 0x39, 0x82, 0x4a,
	0x01, 0x6a, 0x00, 0xd7, 0x08, 0x02, 0x02, 0x00, 0x09, 0x04, 0x04, 0x40, 0x82, 0x82, 0x1a, 0x3e,
	0x00, 0x41, 0x82, 0x4a, 0x0b, 0x6a, 0x00, 0xd7, 0x08, 0x16, 0x02, 0x00, 0x09, 0x18, 0x18, 0x40,
	0xb3, 0x01, 0x87, 0xbf, 0x82, 0x82, 0x1e, 0x3e, 0x0d, 0x6a, 0x00, 0xd7, 0x08, 0x1a, 0x02, 0x00,
	0x09, 0x1c, 0x1c, 0x40, 0x0f, 0x6a, 0x00, 0xd7, 0x08, 0x1e, 0x02, 0x00, 0x04, 0x00, 0x87, 0xbf,
	0x09, 0x20, 0x20, 0x40, 0x04, 0x00, 0x85, 0xbf, 0x7c, 0x80, 0x06, 0xee, 0x00, 0x00, 0x00, 0x02,
	0x09, 0x00, 0x00, 0x00, 0x7c, 0x80, 0x06, 0xee, 0x00, 0x00, 0x80, 0x02, 0x01, 0x00, 0x00, 0x00,
	0x7c, 0x80, 0x06, 0xee, 0x00, 0x00, 0x00, 0x03, 0x0b, 0x00, 0x00, 0x00, 0x7c, 0x80, 0x06, 0xee,
	0x00, 0x00, 0x80, 0x03, 0x0d, 0x00, 0x00, 0x00, 0x7c, 0x80, 0x06, 0xee, 0x00, 0x00, 0x00, 0x04,
	0x0f, 0x00, 0x00, 0x00, 0x00, 0x00, 0x80, 0xbf, 0x03, 0x00, 0xb6, 0xbf, 0x00, 0x00, 0xb0, 0xbf,
	0x00, 0x00, 0x80, 0xbf, 0x00, 0x00, 0x80, 0xbf, 0x00, 0x00, 0x80, 0xbf, 0x00, 0x00, 0x80, 0xbf,
	0x00, 0x00, 0x80, 0xbf, 0x00, 0x00, 0x80, 0xbf, 0x00, 0x00, 0x80, 0xbf, 0x00, 0x00, 0x80, 0xbf,
	0x00, 0x00, 0x80, 0xbf, 0x00, 0x00, 0x80, 0xbf, 0x00, 0x00, 0x80, 0xbf, 0x00, 0x00, 0x80, 0xbf,
	0x00, 0x00, 0x80, 0xbf, 0x00, 0x00, 0x80, 0xbf, 0x00, 0x00, 0x80, 0xbf, 0x00, 0x00, 0x80, 0xbf,
	0x00, 0x00, 0x80, 0xbf, 0x00, 0x00, 0x80, 0xbf, 0x00, 0x00, 0x80, 0xbf, 0x00, 0x00, 0x80, 0xbf,
	0x00, 0x00, 0x80, 0xbf, 0x00, 0x00, 0x80, 0xbf, 0x00, 0x00, 0x80, 0xbf, 0x00, 0x00, 0x80, 0xbf,
	0x00, 0x00, 0x80, 0xbf, 0x00, 0x00, 0x80, 0xbf, 0x00, 0x00, 0x80, 0xbf, 0x00, 0x00, 0x80, 0xbf,
	0x00, 0x00, 0x80, 0xbf, 0x00, 0x00, 0x80, 0xbf, 0x00, 0x00, 0x80, 0xbf, 0x00, 0x00, 0x80, 0xbf,
	0x00, 0x00, 0x80, 0xbf, 0x00, 0x00, 0x80, 0xbf, 0x00, 0x00, 0x80, 0xbf, 0x00, 0x00, 0x80, 0xbf,
	0x00, 0x00, 0x80, 0xbf, 0x00, 0x00, 0x80, 0xbf, 0x00, 0x00, 0x80, 0xbf, 0x00, 0x00, 0x80, 0xbf,
	0x00, 0x00, 0x80, 0xbf, 0x00, 0x00, 0x80, 0xbf, 0x00, 0x00, 0x80, 0xbf, 0x00, 0x00, 0x80, 0xbf,
	0x00, 0x00, 0x80, 0xbf, 0x00, 0x00, 0x80, 0xbf, 0x00, 0x00, 0x80, 0xbf, 0x00, 0x00, 0x80, 0xbf,
	0x00, 0x00, 0x80, 0xbf, 0x00, 0x00, 0x80, 0xbf, 0x00, 0x00, 0x80, 0xbf, 0x00, 0x00, 0x80, 0xbf,
	0x00, 0xa1, 0x00, 0xf4, 0x08, 0x00, 0x00, 0xf8, 0xff, 0x00, 0x02, 0x36, 0xff, 0x03, 0x00, 0x00,
	0x02, 0x00, 0x10, 0xd6, 0x00, 0x15, 0x29, 0x02, 0x12, 0x01, 0x87, 0xbf, 0x00, 0x00, 0x56, 0xd6,
	0x75, 0x08, 0x05, 0x04, 0x01, 0x00, 0x56, 0xd6, 0x73, 0x08, 0x09, 0x04, 0x00, 0x00, 0xc7, 0xbf,
	0x12, 0x01, 0x87, 0xbf, 0x04, 0x00, 0x98, 0x7c, 0x02, 0x00, 0x4c, 0xd4, 0x05, 0x02, 0x02, 0x00,
	0x91, 0x04, 0x87, 0xbf, 0x6a, 0x02, 0x02, 0x8b, 0x02, 0x20, 0x83, 0xbe, 0xa8, 0x01, 0xa5, 0xbf,
	0x04, 0x65, 0x82, 0xbe, 0x05, 0x65, 0x83, 0xbe, 0x00, 0x0d, 0x08, 0x7e, 0x01, 0x0d, 0x0a, 0x7e,
	0x02, 0x80, 0x04, 0x7e, 0x03, 0x80, 0x06, 0x7e, 0x02, 0x7e, 0x0c, 0x7e, 0x03, 0x7e, 0x0e, 0x7e,
	0x04, 0x7f, 0x10, 0x7e, 0x02, 0x55, 0x04, 0x7e, 0x03, 0x55, 0x06, 0x7e, 0x05, 0x7f, 0x12, 0x7e,
	0x04, 0x81, 0x08, 0x7e, 0x05, 0x81, 0x0a, 0x7e, 0x08, 0x0d, 0x0c, 0x4c, 0xff, 0x00, 0x82, 0xbe,
	0xcd, 0xcc, 0x4c, 0x40, 0x09, 0x0f, 0x0e, 0x4c, 0x80, 0x00, 0x84, 0xbe, 0x80, 0x00, 0x95, 0xbe,
	0x25, 0x01, 0x87, 0xbf, 0x04, 0x05, 0xc6, 0xc8, 0x05, 0x07, 0x02, 0x02, 0x80, 0x02, 0x0a, 0x7e,
	0x02, 0x00, 0x1c, 0xd7, 0x02, 0x0d, 0x02, 0x00, 0x93, 0x00, 0x87, 0xbf, 0x03, 0x00, 0x1c, 0xd7,
	0x03, 0x0f, 0x02, 0x00, 0xf1, 0x04, 0x08, 0xc9, 0xf1, 0x06, 0x02, 0x02, 0x80, 0x02, 0x08, 0x7e,
	0x92, 0x01, 0x87, 0xbf, 0x02, 0x04, 0x04, 0x5a, 0x33, 0x33, 0x33, 0xbf, 0xff, 0x06, 0x06, 0x10,
	0xcd, 0xcc, 0x0c, 0x40, 0x69, 0x00, 0xa0, 0xbf, 0x7e, 0x1f, 0x7e, 0x8c, 0x09, 0x00, 0x87, 0xbf,
	0x22, 0x7e, 0x1f, 0x8b, 0x7e, 0xc1, 0x23, 0x8d, 0x21, 0x7e, 0x21, 0x92, 0x7e, 0x1e, 0x7e, 0x8c,
	0x09, 0x00, 0x87, 0xbf, 0x1f, 0x7e, 0x22, 0x8b, 0x23, 0x7e, 0x1e, 0x8b, 0x7e, 0xc1, 0x1f, 0x8d,
	0x21, 0x7e, 0x21, 0x92, 0x7e, 0x1d, 0x7e, 0x8c, 0x09, 0x00, 0x87, 0xbf, 0x22, 0x7e, 0x22, 0x8b,
	0x1e, 0x7e, 0x23, 0x8b, 0x1f, 0x7e, 0x1e, 0x8b, 0x7e, 0xc1, 0x1f, 0x8d, 0x21, 0x7e, 0x1d, 0x92,
	0x7e, 0x1c, 0x7e, 0x8c, 0x09, 0x00, 0x87, 0xbf, 0x22, 0x7e, 0x22, 0x8b, 0x23, 0x7e, 0x21, 0x8b,
	0x1e, 0x7e, 0x1e, 0x8b, 0x1f, 0x7e, 0x1c, 0x8b, 0x7e, 0xc1, 0x1f, 0x8d, 0x1d, 0x7e, 0x1d, 0x92,
	0x7e, 0x1b, 0x7e, 0x8c, 0x09, 0x00, 0x87, 0xbf, 0x22, 0x7e, 0x23, 0x8b, 0x21, 0x7e, 0x22, 0x8b,
	0x1e, 0x7e, 0x21, 0x8b, 0x1c, 0x7e, 0x1e, 0x8b, 0x1f, 0x7e, 0x1b, 0x8b, 0x7e, 0xc1, 0x1c, 0x8d,
	0x1d, 0x7e, 0x1f, 0x92, 0x7e, 0x1a, 0x7e, 0x8c, 0x09, 0x00, 0x87, 0xbf, 0x23, 0x7e, 0x23, 0x8b,
	0x22, 0x7e, 0x22, 0x8b, 0x21, 0x7e, 0x21, 0x8b, 0x1e, 0x7e, 0x1e, 0x8b, 0x1b, 0x7e, 0x1d, 0x8b,
	0x1c, 0x7e, 0x1b, 0x8b, 0x7e, 0xc1, 0x1c, 0x8d, 0x1f, 0x7e, 0x1a, 0x92, 0x7e, 0x18, 0x7e, 0x8c,
	0x09, 0x00, 0x87, 0xbf, 0x12, 0x7e, 0x12, 0x91, 0x23, 0x7e, 0x18, 0x8b, 0x14, 0x7e, 0x14, 0x91,
	0x12, 0x18, 0x12, 0x8c, 0x22, 0x7e, 0x18, 0x8b, 0x13, 0x7e, 0x13, 0x91, 0x14, 0x18, 0x14, 0x8c,
	0x1e, 0x7e, 0x18, 0x8b, 0x10, 0x7e, 0x10, 0x91, 0x13, 0x18, 0x13, 0x8c, 0x1b, 0x7e, 0x18, 0x8b,
	0x11, 0x7e, 0x11, 0x91, 0x21, 0x7e, 0x1f, 0x8b, 0x0f, 0x7e, 0x0f, 0x91, 0x1d, 0x7e, 0x1d, 0x8b,
	0x0e, 0x7e, 0x0e, 0x91, 0x1c, 0x7e, 0x1b, 0x8b, 0x10, 0x18, 0x10, 0x8c, 0x0d, 0x7e, 0x0d, 0x91,
	0x1a, 0x7e, 0x18, 0x8b, 0x11, 0x1f, 0x11, 0x8c, 0x0f, 0x1d, 0x0f, 0x8c, 0x0e, 0x1b, 0x0e, 0x8c,
	0x0c, 0x7e, 0x0c, 0x91, 0x0d, 0x18, 0x0d, 0x8c, 0x7e, 0x16, 0x7e, 0x8c, 0x09, 0x00, 0x87, 0xbf,
	0x7e, 0x0d, 0x16, 0x8b, 0x19, 0x00, 0x10, 0xca, 0x15, 0x00, 0x06, 0x07, 0x16, 0x04, 0x04, 0x8c,
	0x02, 0x7e, 0x02, 0x91, 0x12, 0x7e, 0x15, 0x8b, 0x0a, 0x7e, 0x0a, 0x91, 0x14, 0x7e, 0x16, 0x8b,
	0x02, 0x15, 0x02, 0x8c, 0x0a, 0x16, 0x0a, 0x8c, 0x0b, 0x7e, 0x0b, 0x91, 0x11, 0x7e, 0x15, 0x8b,
	0x08, 0x7e, 0x08, 0x91, 0x13, 0x7e, 0x16, 0x8b, 0x0b, 0x15, 0x0b, 0x8c, 0x08, 0x16, 0x08, 0x8c,
	0x09, 0x7e, 0x09, 0x91, 0x0f, 0x7e, 0x15, 0x8b, 0x05, 0x7e, 0x05, 0x91, 0x10, 0x7e, 0x16, 0x8b,
	0x09, 0x15, 0x09, 0x8c, 0x05, 0x16, 0x05, 0x8c, 0x07, 0x7e, 0x07, 0x91, 0x0e, 0x7e, 0x15, 0x8b,
	0x03, 0x7e, 0x03, 0x91, 0x0c, 0x7e, 0x16, 0x8b, 0x07, 0x15, 0x07, 0x8c, 0x03, 0x16, 0x03, 0x8c,
	0x17, 0x00, 0x95, 0xbe, 0x7e, 0x04, 0x7e, 0x91, 0x8f, 0x00, 0xa5, 0xbf, 0x03, 0x00, 0x87, 0xbf,
	0x04, 0x09, 0xc6, 0xc8, 0x05, 0x0b, 0x06, 0x06, 0x12, 0x7e, 0x12, 0x91, 0x14, 0x7e, 0x14, 0x91,
	0x11, 0x7e, 0x11, 0x91, 0x13, 0x7e, 0x13, 0x91, 0x07, 0x0d, 0x10, 0x06, 0x0f, 0x7e, 0x0f, 0x91,
	0x10, 0x7e, 0x10, 0x91, 0x0e, 0x7e, 0x0e, 0x91, 0x0c, 0x7e, 0x0c, 0x8c, 0x0d, 0x7e, 0x0d, 0x8c,
	0x7e, 0x00, 0x96, 0xbe, 0xf6, 0x10, 0x3c, 0x7d, 0xcf, 0xff, 0xa5, 0xbf, 0x06, 0x0f, 0x0c, 0x08,
	0x04, 0x09, 0x08, 0x06, 0xc1, 0x00, 0x9a, 0xbe, 0x80, 0x00, 0x9b, 0xbe, 0xc1, 0x00, 0x9c, 0xbe,
	0x02, 0x0d, 0x0e, 0x06, 0x06, 0x00, 0x13, 0xd6, 0x04, 0x0b, 0x0e, 0x04, 0x80, 0x00, 0x9d, 0xbe,
	0x80, 0x00, 0x9e, 0xbe, 0x80, 0x00, 0xa1, 0xbe, 0xb1, 0x00, 0x87, 0xbf, 0x07, 0x0f, 0xc6, 0xc8,
	0x06, 0x0d, 0x08, 0x08, 0x80, 0x00, 0xa2, 0xbe, 0x80, 0x00, 0xa3, 0xbe, 0x09, 0x11, 0x08, 0x06,
	0x01, 0x00, 0x87, 0xbf, 0xf6, 0x08, 0x3c, 0x7c, 0x6a, 0x20, 0x98, 0xbe, 0x9f, 0xff, 0xa5, 0xbf,
	0x08, 0x13, 0x48, 0xc9, 0x07, 0x0f, 0x04, 0x04, 0xc1, 0x00, 0x9f, 0xbe, 0x11, 0x01, 0x87, 0xbf,
	0x02, 0x09, 0x0e, 0x06, 0x06, 0x00, 0x13, 0xd6, 0x05, 0x0d, 0x0e, 0x04, 0x91, 0x00, 0x87, 0xbf,
	0x07, 0x0f, 0xc6, 0xc8, 0x06, 0x0d, 0x08, 0x08, 0x09, 0x11, 0x08, 0x06, 0x01, 0x00, 0x87, 0xbf,
	0xf6, 0x08, 0x3c, 0x7c, 0x6a, 0x20, 0x9a, 0xbe, 0x86, 0xff, 0xa5, 0xbf, 0x08, 0x13, 0x48, 0xc9,
	0x07, 0x0f, 0x04, 0x04, 0xc1, 0x00, 0x9d, 0xbe, 0x80, 0x00, 0x9c, 0xbe, 0x11, 0x01, 0x87, 0xbf,
	0x02, 0x09, 0x0e, 0x06, 0x06, 0x00, 0x13, 0xd6, 0x05, 0x0d, 0x0e, 0x04, 0x91, 0x00, 0x87, 0xbf,
	0x07, 0x0f, 0xc6, 0xc8, 0x06, 0x0d, 0x08, 0x08, 0x09, 0x11, 0x08, 0x06, 0x01, 0x00, 0x87, 0xbf,
	0xf6, 0x08, 0x3c, 0x7c, 0x6a, 0x20, 0x9b, 0xbe, 0x6d, 0xff, 0xa5, 0xbf, 0x08, 0x13, 0x48, 0xc9,
	0x07, 0x0f, 0x04, 0x04, 0x11, 0x01, 0x87, 0xbf, 0x02, 0x09, 0x0e, 0x06, 0x06, 0x00, 0x13, 0xd6,
	0x05, 0x0d, 0x0e, 0x04, 0x91, 0x00, 0x87, 0xbf, 0x07, 0x0f, 0xc6, 0xc8, 0x06, 0x0d, 0x08, 0x08,
	0x09, 0x11, 0x08, 0x06, 0x01, 0x00, 0x87, 0xbf, 0xf6, 0x08, 0x3c, 0x7c, 0x6a, 0x20, 0x9c, 0xbe,
	0x57, 0xff, 0xa5, 0xbf, 0x08, 0x13, 0x48, 0xc9, 0x07, 0x0f, 0x04, 0x04, 0xc1, 0x00, 0xa1, 0xbe,
	0x11, 0x01, 0x87, 0xbf, 0x02, 0x09, 0x0e, 0x06, 0x06, 0x00, 0x13, 0xd6, 0x05, 0x0d, 0x0e, 0x04,
	0x91, 0x00, 0x87, 0xbf, 0x07, 0x0f, 0xc6, 0xc8, 0x06, 0x0d, 0x08, 0x08, 0x09, 0x11, 0x08, 0x06,
	0x01, 0x00, 0x87, 0xbf, 0xf6, 0x08, 0x3c, 0x7c, 0x6a, 0x20, 0x9d, 0xbe, 0x41, 0xff, 0xa5, 0xbf,
	0x08, 0x13, 0x48, 0xc9, 0x07, 0x0f, 0x04, 0x04, 0x80, 0x00, 0x9f, 0xbe, 0xc1, 0x00, 0xa3, 0xbe,
	0x11, 0x01, 0x87, 0xbf, 0x02, 0x09, 0x0e, 0x06, 0x06, 0x00, 0x13, 0xd6, 0x05, 0x0d, 0x0e, 0x04,
	0x91, 0x00, 0x87, 0xbf, 0x07, 0x0f, 0xc6, 0xc8, 0x06, 0x0d, 0x08, 0x08, 0x09, 0x11, 0x08, 0x06,
	0x01, 0x00, 0x87, 0xbf, 0xf6, 0x08, 0x3c, 0x7c, 0x6a, 0x20, 0x9e, 0xbe, 0x2b, 0xff, 0xa5, 0xbf,
	0x08, 0x13, 0x48, 0xc9, 0x07, 0x0f, 0x04, 0x04, 0xc1, 0x00, 0xa2, 0xbe, 0x11, 0x01, 0x87, 0xbf,
	0x02, 0x09, 0x0e, 0x06, 0x06, 0x00, 0x13, 0xd6, 0x05, 0x0d, 0x0e, 0x04, 0x91, 0x00, 0x87, 0xbf,
	0x07, 0x0f, 0xc6, 0xc8, 0x06, 0x0d, 0x08, 0x08, 0x09, 0x11, 0x08, 0x06, 0x01, 0x00, 0x87, 0xbf,
	0xf6, 0x08, 0x3c, 0x7c, 0x6a, 0x20, 0x9f, 0xbe, 0x17, 0xff, 0xa5, 0xbf, 0x07, 0x0f, 0x0a, 0xc9,
	0x08, 0x13, 0x06, 0x04, 0x15, 0x88, 0x17, 0x81, 0xff, 0x00, 0x99, 0xbe, 0x00, 0x00, 0x00, 0xff,
	0x17, 0xff, 0x06, 0xbf, 0x00, 0x01, 0x00, 0x00, 0x01, 0x00, 0x87, 0xbf, 0x05, 0x00, 0x13, 0xd6,
	0x04, 0x0d, 0x0e, 0x04, 0x02, 0x0f, 0x08, 0x06, 0xc1, 0x80, 0x21, 0x98, 0x7e, 0xc1, 0x22, 0x8d,
	0x21, 0x7e, 0x21, 0x92, 0x08, 0xff, 0xa0, 0xbf, 0x7e, 0x04, 0x7e, 0x8c, 0xc1, 0x00, 0x84, 0xbe,
	0x0a, 0xc1, 0x0a, 0x8d, 0x0b, 0xc1, 0x0b, 0x8d, 0x08, 0xc1, 0x08, 0x8d, 0x09, 0xc1, 0x09, 0x8d,
	0x05, 0xc1, 0x0c, 0x8d, 0x07, 0xc1, 0x07, 0x8d, 0x03, 0xc1, 0x05, 0x8d, 0x09, 0x00, 0x87, 0xbf,
	0x05, 0x20, 0x83, 0xbe, 0x4b, 0x00, 0xa5, 0xbf, 0x80, 0x00, 0x85, 0xbe, 0x07, 0x20, 0x84, 0xbe,
	0x09, 0x00, 0x87, 0xbf, 0x7e, 0x04, 0x04, 0x8d, 0x3f, 0x00, 0xa5, 0xbf, 0x80, 0x00, 0x87, 0xbe,
	0x0c, 0x20, 0x85, 0xbe, 0x09, 0x00, 0x87, 0xbf, 0x7e, 0x05, 0x05, 0x8d, 0x34, 0x00, 0xa5, 0xbf,
	0x80, 0x00, 0x8c, 0xbe, 0x09, 0x20, 0x87, 0xbe, 0x09, 0x00, 0x87, 0xbf, 0x7e, 0x07, 0x07, 0x8d,
	0x29, 0x00, 0xa5, 0xbf, 0x80, 0x00, 0x89, 0xbe, 0x08, 0x20, 0x8c, 0xbe, 0x09, 0x00, 0x87, 0xbf,
	0x7e, 0x0c, 0x08, 0x8d, 0x1e, 0x00, 0xa5, 0xbf, 0x80, 0x00, 0x8c, 0xbe, 0x0b, 0x20, 0x89, 0xbe,
	0x09, 0x00, 0x87, 0xbf, 0x7e, 0x09, 0x09, 0x8d, 0x13, 0x00, 0xa5, 0xbf, 0x80, 0x00, 0x8b, 0xbe,
	0x0a, 0x20, 0x8c, 0xbe, 0x09, 0x00, 0x87, 0xbf, 0x7e, 0x0c, 0x0a, 0x8d, 0x08, 0x00, 0xa5, 0xbf,
	0x02, 0x20, 0x8c, 0xbe, 0x09, 0x00, 0x87, 0xbf, 0x7e, 0x0c, 0x02, 0x8d, 0x87, 0x0c, 0x04, 0x38,
	0x7e, 0x00, 0x8b, 0xbe, 0x7e, 0x02, 0x7e, 0x8c, 0x09, 0x00, 0x87, 0xbf, 0x0b, 0x7e, 0x0b, 0x8b,
	0x0a, 0x30, 0x82, 0xbe, 0x86, 0x0c, 0x04, 0x38, 0x0b, 0x7e, 0x0b, 0x8c, 0x7e, 0x02, 0x7e, 0x8c,
	0x09, 0x00, 0x87, 0xbf, 0x0b, 0x7e, 0x0c, 0x8b, 0x09, 0x30, 0x82, 0xbe, 0x85, 0x0c, 0x04, 0x38,
	0x0c, 0x7e, 0x0c, 0x8c, 0x7e, 0x02, 0x7e, 0x8c, 0x09, 0x00, 0x87, 0xbf, 0x0c, 0x7e, 0x09, 0x8b,
	0x08, 0x30, 0x82, 0xbe, 0x84, 0x0c, 0x04, 0x38, 0x09, 0x7e, 0x09, 0x8c, 0x7e, 0x02, 0x7e, 0x8c,
	0x09, 0x00, 0x87, 0xbf, 0x09, 0x7e, 0x0c, 0x8b, 0x07, 0x30, 0x82, 0xbe, 0x83, 0x0c, 0x04, 0x38,
	0x0c, 0x7e, 0x0c, 0x8c, 0x7e, 0x02, 0x7e, 0x8c, 0x09, 0x00, 0x87, 0xbf, 0x0c, 0x7e, 0x07, 0x8b,
	0x05, 0x30, 0x82, 0xbe, 0x82, 0x0c, 0x04, 0x38, 0x07, 0x7e, 0x07, 0x8c, 0x7e, 0x02, 0x7e, 0x8c,
	0x09, 0x00, 0x87, 0xbf, 0x07, 0x7e, 0x05, 0x8b, 0x04, 0x30, 0x82, 0xbe, 0x81, 0x0c, 0x04, 0x38,
	0x05, 0x7e, 0x05, 0x8c, 0x7e, 0x02, 0x7e, 0x8c, 0x01, 0x00, 0x87, 0xbf, 0x02, 0x03, 0x0c, 0x7e,
	0x05, 0x7e, 0x04, 0x92, 0x7e, 0x03, 0x7e, 0x8c, 0x04, 0x20, 0x82, 0xbe, 0x09, 0x00, 0x87, 0xbf,
	0x7e, 0x02, 0x02, 0x8d, 0x1e, 0x00, 0xa5, 0xbf, 0x06, 0x0d, 0x04, 0x7e, 0xff, 0x00, 0x84, 0xbe,
	0x00, 0x00, 0x48, 0x43, 0xff, 0x00, 0x83, 0xbe, 0x00, 0x00, 0x76, 0x43, 0xff, 0x00, 0x85, 0xbe,
	0x00, 0x00, 0x2f, 0x43, 0x91, 0x00, 0x87, 0xbf, 0xff, 0x04, 0x04, 0x10, 0x81, 0x80, 0x80, 0x3b,
	0xf2, 0x04, 0x06, 0x08, 0x91, 0x00, 0x87, 0xbf, 0x04, 0x06, 0x06, 0x5a, 0x00, 0x00, 0xa0, 0x41,
	0x03, 0x0f, 0x06, 0x7e, 0x21, 0x01, 0x87, 0xbf, 0x03, 0x04, 0x62, 0xc8, 0x88, 0x06, 0x02, 0x04,
	0x00, 0x00, 0x10, 0x41, 0x05, 0x04, 0x04, 0x5a, 0x00, 0x00, 0xa0, 0x42, 0x04, 0x0f, 0x08, 0x7e,
	0x92, 0x00, 0x87, 0xbf, 0x02, 0x0f, 0x04, 0x7e, 0x02, 0x00, 0x56, 0xd6, 0x04, 0x21, 0x09, 0x04,
	0x01, 0x00, 0x87, 0xbf, 0x07, 0x00, 0x58, 0xd6, 0x02, 0x07, 0xfe, 0x03, 0x00, 0x00, 0x00, 0xff,
	0x7e, 0x02, 0x7e, 0x8c, 0x00, 0x20, 0x00, 0xf4, 0x00, 0x00, 0x00, 0xf8, 0x00, 0x7c, 0xfe, 0xd6,
	0x01, 0x0d, 0x00, 0x04, 0x80, 0x02, 0x02, 0x7e, 0xa1, 0x00, 0x87, 0xbf, 0x82, 0x00, 0x00, 0x3e,
	0x00, 0x00, 0xc7, 0xbf, 0x00, 0x6a, 0x00, 0xd7, 0x00, 0x00, 0x02, 0x00, 0x02, 0x00, 0x87, 0xbf,
	0x01, 0x02, 0x02, 0x40, 0x7c, 0x80, 0x06, 0xee, 0x00, 0x00, 0x80, 0x03, 0x00, 0x00, 0x00, 0x00,
	0x00, 0x00, 0x80, 0xbf, 0x03, 0x00, 0xb6, 0xbf, 0x00, 0x00, 0xb0, 0xbf, 0x00, 0x00, 0x9f, 0xbf,
	0x00, 0x00, 0x9f, 0xbf, 0x00, 0x00, 0x9f, 0xbf, 0x00, 0x00, 0x9f, 0xbf, 0x00, 0x00, 0x9f, 0xbf,
	0x00, 0x00, 0x9f, 0xbf, 0x00, 0x00, 0x9f, 0xbf, 0x00, 0x00, 0x9f, 0xbf, 0x00, 0x00, 0x9f, 0xbf,
	0x00, 0x00, 0x9f, 0xbf, 0x00, 0x00, 0x9f, 0xbf, 0x00, 0x00, 0x9f, 0xbf, 0x00, 0x00, 0x9f, 0xbf,
	0x00, 0x00, 0x9f, 0xbf, 0x00, 0x00, 0x9f, 0xbf, 0x00, 0x00, 0x9f, 0xbf, 0x00, 0x00, 0x9f, 0xbf,
	0x00, 0x00, 0x9f, 0xbf, 0x00, 0x00, 0x9f, 0xbf, 0x00, 0x00, 0x9f, 0xbf, 0x00, 0x00, 0x9f, 0xbf,
	0x00, 0x00, 0x9f, 0xbf, 0x00, 0x00, 0x9f, 0xbf, 0x00, 0x00, 0x9f, 0xbf, 0x00, 0x00, 0x9f, 0xbf,
	0x00, 0x00, 0x9f, 0xbf, 0x00, 0x00, 0x9f, 0xbf, 0x00, 0x00, 0x9f, 0xbf, 0x00, 0x00, 0x9f, 0xbf,
	0x00, 0x00, 0x9f, 0xbf, 0x00, 0x00, 0x9f, 0xbf, 0x00, 0x00, 0x9f, 0xbf, 0x00, 0x00, 0x9f, 0xbf,
	0x00, 0x00, 0x9f, 0xbf, 0x00, 0x00, 0x9f, 0xbf, 0x00, 0x00, 0x9f, 0xbf, 0x00, 0x00, 0x9f, 0xbf,
	0x00, 0x00, 0x9f, 0xbf, 0x00, 0x00, 0x9f, 0xbf, 0x00, 0x00, 0x9f, 0xbf, 0x00, 0x00, 0x9f, 0xbf,
	0x00, 0x00, 0x9f, 0xbf, 0x00, 0x00, 0x9f, 0xbf, 0x00, 0x00, 0x9f, 0xbf, 0x00, 0x00, 0x9f, 0xbf,
	0x00, 0x00, 0x9f, 0xbf, 0x00, 0x00, 0x9f, 0xbf, 0x00, 0x00, 0x9f, 0xbf, 0x00, 0x00, 0x9f, 0xbf,
	0x00, 0x00, 0x9f, 0xbf, 0x00, 0x00, 0x9f, 0xbf, 0x00, 0x00, 0x9f, 0xbf, 0x00, 0x00, 0x9f, 0xbf,
	0x00, 0x00, 0x9f, 0xbf, 0x00, 0x00, 0x9f, 0xbf, 0x00, 0x00, 0x9f, 0xbf, 0x00, 0x00, 0x9f, 0xbf,
	0x00, 0x00, 0x9f, 0xbf, 0x00, 0x00, 0x9f, 0xbf, 0x00, 0x00, 0x9f, 0xbf, 0x00, 0x00, 0x9f, 0xbf,
	0x00, 0x00, 0x9f, 0xbf, 0x00, 0x00, 0x9f, 0xbf, 0x00, 0x00, 0x9f, 0xbf, 0x00, 0x00, 0x9f, 0xbf,
	0x00, 0x00, 0x9f, 0xbf, 0x00, 0x00, 0x9f, 0xbf, 0x00, 0x00, 0x9f, 0xbf, 0x00, 0x00, 0x9f, 0xbf,
	0x00, 0x00, 0x9f, 0xbf, 0x00, 0x00, 0x9f, 0xbf, 0x00, 0x00, 0x9f, 0xbf, 0x00, 0x00, 0x9f, 0xbf,
	0x00, 0x00, 0x9f, 0xbf, 0x00, 0x00, 0x9f, 0xbf, 0x00, 0x00, 0x9f, 0xbf, 0x00, 0x00, 0x9f, 0xbf,
	0x00, 0x00, 0x9f, 0xbf, 0x00, 0x00, 0x9f, 0xbf, 0x00, 0x00, 0x9f, 0xbf, 0x00, 0x00, 0x9f, 0xbf,
	0x00, 0x00, 0x9f, 0xbf, 0x00, 0x00, 0x9f, 0xbf, 0x00, 0x00, 0x9f, 0xbf, 0x00, 0x00, 0x9f, 0xbf,
	0x00, 0x00, 0x9f, 0xbf, 0x00, 0x00, 0x9f, 0xbf, 0x00, 0x00, 0x9f, 0xbf, 0x00, 0x00, 0x9f, 0xbf,
	0x00, 0x00, 0x9f, 0xbf, 0x00, 0x00, 0x9f, 0xbf, 0x00, 0x00, 0x9f, 0xbf, 0x00, 0x00, 0x9f, 0xbf,
	0x00, 0x00, 0x9f, 0xbf, 0x00, 0x00, 0x9f, 0xbf, 0x00, 0x00, 0x9f, 0xbf, 0x00, 0x00, 0x9f, 0xbf,
	0x06, 0x00, 0x00, 0x00, 0x00, 0x00, 0x00, 0x00, 0x18, 0x14, 0x00, 0x00, 0x00, 0x00, 0x00, 0x00,
	0x0b, 0x00, 0x00, 0x00, 0x00, 0x00, 0x00, 0x00, 0x18, 0x00, 0x00, 0x00, 0x00, 0x00, 0x00, 0x00,
	0x05, 0x00, 0x00, 0x00, 0x00, 0x00, 0x00, 0x00, 0x74, 0x16, 0x00, 0x00, 0x00, 0x00, 0x00, 0x00,
	0x0a, 0x00, 0x00, 0x00, 0x00, 0x00, 0x00, 0x00, 0x86, 0x00, 0x00, 0x00, 0x00, 0x00, 0x00, 0x00,
	0xf5, 0xfe, 0xff, 0x6f, 0x00, 0x00, 0x00, 0x00, 0x80, 0x15, 0x00, 0x00, 0x00, 0x00, 0x00, 0x00,
	0x04, 0x00, 0x00, 0x00, 0x00, 0x00, 0x00, 0x00, 0xf4, 0x15, 0x00, 0x00, 0x00, 0x00, 0x00, 0x00,
	0x00, 0x00, 0x00, 0x00, 0x00, 0x00, 0x00, 0x00, 0x00, 0x00, 0x00, 0x00, 0x00, 0x00, 0x00, 0x00,
	0x00, 0x4c, 0x69, 0x6e, 0x6b, 0x65, 0x72, 0x3a, 0x20, 0x44, 0x65, 0x62, 0x69, 0x61, 0x6e, 0x20,
	0x4c, 0x4c, 0x44, 0x20, 0x31, 0x39, 0x2e, 0x31, 0x2e, 0x37, 0x00, 0x44, 0x65, 0x62, 0x69, 0x61,
	0x6e, 0x20, 0x63, 0x6c, 0x61, 0x6e, 0x67, 0x20, 0x76, 0x65, 0x72, 0x73, 0x69, 0x6f, 0x6e, 0x20,
	0x31, 0x39, 0x2e, 0x31, 0x2e, 0x37, 0x20, 0x28, 0x33, 0x2b, 0x62, 0x31, 0x29, 0x00, 0x00, 0x00,
	0x00, 0x00, 0x00, 0x00, 0x00, 0x00, 0x00, 0x00, 0x00, 0x00, 0x00, 0x00, 0x00, 0x00, 0x00, 0x00,
	0x00, 0x00, 0x00, 0x00, 0x00, 0x00, 0x00, 0x00, 0x86, 0x00, 0x00, 0x00, 0x01, 0x02, 0x06, 0x00,
	0xc0, 0x18, 0x00, 0x00, 0x00, 0x00, 0x00, 0x00, 0x04, 0x00, 0x00, 0x00, 0x00, 0x00, 0x00, 0x00,
	0x99, 0x00, 0x00, 0x00, 0x00, 0x02, 0x08, 0x00, 0x80, 0x72, 0x00, 0x00, 0x00, 0x00, 0x00, 0x00,
	0x00, 0x00, 0x00, 0x00, 0x00, 0x00, 0x00, 0x00, 0x01, 0x00, 0x00, 0x00, 0x12, 0x03, 0x07, 0x00,
	0x00, 0x29, 0x00, 0x00, 0x00, 0x00, 0x00, 0x00, 0xcc, 0x00, 0x00, 0x00, 0x00, 0x00, 0x00, 0x00,
	0x0d, 0x00, 0x00, 0x00, 0x11, 0x03, 0x06, 0x00, 0x00, 0x17, 0x00, 0x00, 0x00, 0x00, 0x00, 0x00,
	0x40, 0x00, 0x00, 0x00, 0x00, 0x00, 0x00, 0x00, 0x1c, 0x00, 0x00, 0x00, 0x12, 0x03, 0x07, 0x00,
	0x00, 0x2a, 0x00, 0x00, 0x00, 0x00, 0x00, 0x00, 0x64, 0x00, 0x00, 0x00, 0x00, 0x00, 0x00, 0x00,
	0x21, 0x00, 0x00, 0x00, 0x11, 0x03, 0x06, 0x00, 0x40, 0x17, 0x00, 0x00, 0x00, 0x00, 0x00, 0x00,
	0x40, 0x00, 0x00, 0x00, 0x00, 0x00, 0x00, 0x00, 0x29, 0x00, 0x00, 0x00, 0x12, 0x03, 0x07, 0x00,
	0x00, 0x2b, 0x00, 0x00, 0x00, 0x00, 0x00, 0x00, 0x04, 0x0d, 0x00, 0x00, 0x00, 0x00, 0x00, 0x00,
	0x2f, 0x00, 0x00, 0x00, 0x11, 0x03, 0x06, 0x00, 0x80, 0x17, 0x00, 0x00, 0x00, 0x00, 0x00, 0x00,
	0x40, 0x00, 0x00, 0x00, 0x00, 0x00, 0x00, 0x00, 0x38, 0x00, 0x00, 0x00, 0x12, 0x03, 0x07, 0x00,
	0x00, 0x39, 0x00, 0x00, 0x00, 0x00, 0x00, 0x00, 0x8c, 0x00, 0x00, 0x00, 0x00, 0x00, 0x00, 0x00,
	0x3f, 0x00, 0x00, 0x00, 0x11, 0x03, 0x06, 0x00, 0xc0, 0x17, 0x00, 0x00, 0x00, 0x00, 0x00, 0x00,
	0x40, 0x00, 0x00, 0x00, 0x00, 0x00, 0x00, 0x00, 0x49, 0x00, 0x00, 0x00, 0x12, 0x03, 0x07, 0x00,
	0x00, 0x3a, 0x00, 0x00, 0x00, 0x00, 0x00, 0x00, 0x30, 0x0f, 0x00, 0x00, 0x00, 0x00, 0x00, 0x00,
	0x4f, 0x00, 0x00, 0x00, 0x11, 0x03, 0x06, 0x00, 0x00, 0x18, 0x00, 0x00, 0x00, 0x00, 0x00, 0x00,
	0x40, 0x00, 0x00, 0x00, 0x00, 0x00, 0x00, 0x00, 0x58, 0x00, 0x00, 0x00, 0x12, 0x03, 0x07, 0x00,
	0x00, 0x4a, 0x00, 0x00, 0x00, 0x00, 0x00, 0x00, 0x30, 0x0f, 0x00, 0x00, 0x00, 0x00, 0x00, 0x00,
	0x61, 0x00, 0x00, 0x00, 0x11, 0x03, 0x06, 0x00, 0x40, 0x18, 0x00, 0x00, 0x00, 0x00, 0x00, 0x00,
	0x40, 0x00, 0x00, 0x00, 0x00, 0x00, 0x00, 0x00, 0x6d, 0x00, 0x00, 0x00, 0x12, 0x03, 0x07, 0x00,
	0x00, 0x5a, 0x00, 0x00, 0x00, 0x00, 0x00, 0x00, 0xfc, 0x06, 0x00, 0x00, 0x00, 0x00, 0x00, 0x00,
	0x78, 0x00, 0x00, 0x00, 0x11, 0x03, 0x06, 0x00, 0x80, 0x18, 0x00, 0x00, 0x00, 0x00, 0x00, 0x00,
	0x40, 0x00, 0x00, 0x00, 0x00, 0x00, 0x00, 0x00, 0x00, 0x2e, 0x6e, 0x6f, 0x74, 0x65, 0x00, 0x2e,
	0x64, 0x79, 0x6e, 0x73, 0x79, 0x6d, 0x00, 0x2e, 0x67, 0x6e, 0x75, 0x2e, 0x68, 0x61, 0x73, 0x68,
	0x00, 0x2e, 0x68, 0x61, 0x73, 0x68, 0x00, 0x2e, 0x64, 0x79, 0x6e, 0x73, 0x74, 0x72, 0x00, 0x2e,
	0x72, 0x6f, 0x64, 0x61, 0x74, 0x61, 0x00, 0x2e, 0x74, 0x65, 0x78, 0x74, 0x00, 0x2e, 0x64, 0x79,
	0x6e, 0x61, 0x6d, 0x69, 0x63, 0x00, 0x2e, 0x72, 0x65, 0x6c, 0x72, 0x6f, 0x5f, 0x70, 0x61, 0x64,
	0x64, 0x69, 0x6e, 0x67, 0x00, 0x2e, 0x63, 0x6f, 0x6d, 0x6d, 0x65, 0x6e, 0x74, 0x00, 0x2e, 0x73,
	0x79, 0x6d, 0x74, 0x61, 0x62, 0x00, 0x2e, 0x73, 0x68, 0x73, 0x74, 0x72, 0x74, 0x61, 0x62, 0x00,
	0x2e, 0x73, 0x74, 0x72, 0x74, 0x61, 0x62, 0x00, 0x00, 0x6c, 0x64, 0x73, 0x5f, 0x72, 0x65, 0x76,
	0x65, 0x72, 0x73, 0x65, 0x00, 0x6c, 0x64, 0x73, 0x5f, 0x72, 0x65, 0x76, 0x65, 0x72, 0x73, 0x65,
	0x2e, 0x6b, 0x64, 0x00, 0x63, 0x6f, 0x70, 0x79, 0x00, 0x63, 0x6f, 0x70, 0x79, 0x2e, 0x6b, 0x64,
	0x00, 0x73, 0x67, 0x65, 0x6d, 0x6d, 0x00, 0x73, 0x67, 0x65, 0x6d, 0x6d, 0x2e, 0x6b, 0x64, 0x00,
	0x77, 0x6d, 0x6d, 0x61, 0x31, 0x36, 0x00, 0x77, 0x6d, 0x6d, 0x61, 0x31, 0x36, 0x2e, 0x6b, 0x64,
	0x00, 0x68, 0x67, 0x65, 0x6d, 0x6d, 0x00, 0x68, 0x67, 0x65, 0x6d, 0x6d, 0x2e, 0x6b, 0x64, 0x00,
	0x62, 0x66, 0x31, 0x36, 0x67, 0x65, 0x6d, 0x6d, 0x00, 0x62, 0x66, 0x31, 0x36, 0x67, 0x65, 0x6d,
	0x6d, 0x2e, 0x6b, 0x64, 0x00, 0x6d, 0x61, 0x6e, 0x64, 0x65, 0x6c, 0x62, 0x72, 0x6f, 0x74, 0x00,
	0x6d, 0x61, 0x6e, 0x64, 0x65, 0x6c, 0x62, 0x72, 0x6f, 0x74, 0x2e, 0x6b, 0x64, 0x00, 0x5f, 0x5f,
	0x6f, 0x63, 0x6c, 0x63, 0x5f, 0x41, 0x42, 0x49, 0x5f, 0x76, 0x65, 0x72, 0x73, 0x69, 0x6f, 0x6e,
	0x00, 0x5f, 0x44, 0x59, 0x4e, 0x41, 0x4d, 0x49, 0x43, 0x00, 0x00, 0x00, 0x00, 0x00, 0x00, 0x00,
	0x00, 0x00, 0x00, 0x00, 0x00, 0x00, 0x00, 0x00, 0x00, 0x00, 0x00, 0x00, 0x00, 0x00, 0x00, 0x00,
	0x00, 0x00, 0x00, 0x00, 0x00, 0x00, 0x00, 0x00, 0x00, 0x00, 0x00, 0x00, 0x00, 0x00, 0x00, 0x00,
	0x00, 0x00, 0x00, 0x00, 0x00, 0x00, 0x00, 0x00, 0x00, 0x00, 0x00, 0x00, 0x00, 0x00, 0x00, 0x00,
	0x00, 0x00, 0x00, 0x00, 0x00, 0x00, 0x00, 0x00, 0x00, 0x00, 0x00, 0x00, 0x00, 0x00, 0x00, 0x00,
	0x01, 0x00, 0x00, 0x00, 0x07, 0x00, 0x00, 0x00, 0x02, 0x00, 0x00, 0x00, 0x00, 0x00, 0x00, 0x00,
	0x00, 0x02, 0x00, 0x00, 0x00, 0x00, 0x00, 0x00, 0x00, 0x02, 0x00, 0x00, 0x00, 0x00, 0x00, 0x00,
	0x14, 0x12, 0x00, 0x00, 0x00, 0x00, 0x00, 0x00, 0x00, 0x00, 0x00, 0x00, 0x00, 0x00, 0x00, 0x00,
	0x04, 0x00, 0x00, 0x00, 0x00, 0x00, 0x00, 0x00, 0x00, 0x00, 0x00, 0x00, 0x00, 0x00, 0x00, 0x00,
	0x07, 0x00, 0x00, 0x00, 0x0b, 0x00, 0x00, 0x00, 0x02, 0x00, 0x00, 0x00, 0x00, 0x00, 0x00, 0x00,
	0x18, 0x14, 0x00, 0x00, 0x00, 0x00, 0x00, 0x00, 0x18, 0x14, 0x00, 0x00, 0x00, 0x00, 0x00, 0x00,
	0x68, 0x01, 0x00, 0x00, 0x00, 0x00, 0x00, 0x00, 0x05, 0x00, 0x00, 0x00, 0x01, 0x00, 0x00, 0x00,
	0x08, 0x00, 0x00, 0x00, 0x00, 0x00, 0x00, 0x00, 0x18, 0x00, 0x00, 0x00, 0x00, 0x00, 0x00, 0x00,
	0x0f, 0x00, 0x00, 0x00, 0xf6, 0xff, 0xff, 0x6f, 0x02, 0x00, 0x00, 0x00, 0x00, 0x00, 0x00, 0x00,
	0x80, 0x15, 0x00, 0x00, 0x00, 0x00, 0x00, 0x00, 0x80, 0x15, 0x00, 0x00, 0x00, 0x00, 0x00, 0x00,
	0x74, 0x00, 0x00, 0x00, 0x00, 0x00, 0x00, 0x00, 0x02, 0x00, 0x00, 0x00, 0x00, 0x00, 0x00, 0x00,
	0x08, 0x00, 0x00, 0x00, 0x00, 0x00, 0x00, 0x00, 0x00, 0x00, 0x00, 0x00, 0x00, 0x00, 0x00, 0x00,
	0x19, 0x00, 0x00, 0x00, 0x05, 0x00, 0x00, 0x00, 0x02, 0x00, 0x00, 0x00, 0x00, 0x00, 0x00, 0x00,
	0xf4, 0x15, 0x00, 0x00, 0x00, 0x00, 0x00, 0x00, 0xf4, 0x15, 0x00, 0x00, 0x00, 0x00, 0x00, 0x00,
	0x80, 0x00, 0x00, 0x00, 0x00, 0x00, 0x00, 0x00, 0x02, 0x00, 0x00, 0x00, 0x00, 0x00, 0x00, 0x00,
	0x04, 0x00, 0x00, 0x00, 0x00, 0x00, 0x00, 0x00, 0x04, 0x00, 0x00, 0x00, 0x00, 0x00, 0x00, 0x00,
	0x1f, 0x00, 0x00, 0x00, 0x03, 0x00, 0x00, 0x00, 0x02, 0x00, 0x00, 0x00, 0x00, 0x00, 0x00, 0x00,
	0x74, 0x16, 0x00, 0x00, 0x00, 0x00, 0x00, 0x00, 0x74, 0x16, 0x00, 0x00, 0x00, 0x00, 0x00, 0x00,
	0x86, 0x00, 0x00, 0x00, 0x00, 0x00, 0x00, 0x00, 0x00, 0x00, 0x00, 0x00, 0x00, 0x00, 0x00, 0x00,
	0x01, 0x00, 0x00, 0x00, 0x00, 0x00, 0x00, 0x00, 0x00, 0x00, 0x00, 0x00, 0x00, 0x00, 0x00, 0x00,
	0x27, 0x00, 0x00, 0x00, 0x01, 0x00, 0x00, 0x00, 0x02, 0x00, 0x00, 0x00, 0x00, 0x00, 0x00, 0x00,
	0x00, 0x17, 0x00, 0x00, 0x00, 0x00, 0x00, 0x00, 0x00, 0x17, 0x00, 0x00, 0x00, 0x00, 0x00, 0x00,
	0xc4, 0x01, 0x00, 0x00, 0x00, 0x00, 0x00, 0x00, 0x00, 0x00, 0x00, 0x00, 0x00, 0x00, 0x00, 0x00,
	0x40, 0x00, 0x00, 0x00, 0x00, 0x00, 0x00, 0x00, 0x00, 0x00, 0x00, 0x00, 0x00, 0x00, 0x00, 0x00,
	0x2f, 0x00, 0x00, 0x00, 0x01, 0x00, 0x00, 0x00, 0x06, 0x00, 0x00, 0x00, 0x00, 0x00, 0x00, 0x00,
	0x00, 0x29, 0x00, 0x00, 0x00, 0x00, 0x00, 0x00, 0x00, 0x19, 0x00, 0x00, 0x00, 0x00, 0x00, 0x00,
	0x80, 0x39, 0x00, 0x00, 0x00, 0x00, 0x00, 0x00, 0x00, 0x00, 0x00, 0x00, 0x00, 0x00, 0x00, 0x00,
	0x00, 0x01, 0x00, 0x00, 0x00, 0x00, 0x00, 0x00, 0x00, 0x00, 0x00, 0x00, 0x00, 0x00, 0x00, 0x00,
	0x35, 0x00, 0x00, 0x00, 0x06, 0x00, 0x00, 0x00, 0x03, 0x00, 0x00, 0x00, 0x00, 0x00, 0x00, 0x00,
	0x80, 0x72, 0x00, 0x00, 0x00, 0x00, 0x00, 0x00, 0x80, 0x52, 0x00, 0x00, 0x00, 0x00, 0x00, 0x00,
	0x70, 0x00, 0x00, 0x00, 0x00, 0x00, 0x00, 0x00, 0x05, 0x00, 0x00, 0x00, 0x00, 0x00, 0x00, 0x00,
	0x08, 0x00, 0x00, 0x00, 0x00, 0x00, 0x00, 0x00, 0x10, 0x00, 0x00, 0x00, 0x00, 0x00, 0x00, 0x00,
	0x3e, 0x00, 0x00, 0x00, 0x08, 0x00, 0x00, 0x00, 0x03, 0x00, 0x00, 0x00, 0x00, 0x00, 0x00, 0x00,
	0xf0, 0x72, 0x00, 0x00, 0x00, 0x00, 0x00, 0x00, 0xf0, 0x52, 0x00, 0x00, 0x00, 0x00, 0x00, 0x00,
	0x10, 0x0d, 0x00, 0x00, 0x00, 0x00, 0x00, 0x00, 0x00, 0x00, 0x00, 0x00, 0x00, 0x00, 0x00, 0x00,
	0x01, 0x00, 0x00, 0x00, 0x00, 0x00, 0x00, 0x00, 0x00, 0x00, 0x00, 0x00, 0x00, 0x00, 0x00, 0x00,
	0x4d, 0x00, 0x00, 0x00, 0x01, 0x00, 0x00, 0x00, 0x30, 0x00, 0x00, 0x00, 0x00, 0x00, 0x00, 0x00,
	0x00, 0x00, 0x00, 0x00, 0x00, 0x00, 0x00, 0x00, 0xf0, 0x52, 0x00, 0x00, 0x00, 0x00, 0x00, 0x00,
	0x3e, 0x00, 0x00, 0x00, 0x00, 0x00, 0x00, 0x00, 0x00, 0x00, 0x00, 0x00, 0x00, 0x00, 0x00, 0x00,
	0x01, 0x00, 0x00, 0x00, 0x00, 0x00, 0x00, 0x00, 0x01, 0x00, 0x00, 0x00, 0x00, 0x00, 0x00, 0x00,
	0x56, 0x00, 0x00, 0x00, 0x02, 0x00, 0x00, 0x00, 0x00, 0x00, 0x00, 0x00, 0x00, 0x00, 0x00, 0x00,
	0x00, 0x00, 0x00, 0x00, 0x00, 0x00, 0x00, 0x00, 0x30, 0x53, 0x00, 0x00, 0x00, 0x00, 0x00, 0x00,
	0x98, 0x01, 0x00, 0x00, 0x00, 0x00, 0x00, 0x00, 0x0d, 0x00, 0x00, 0x00, 0x03, 0x00, 0x00, 0x00,
	0x08, 0x00, 0x00, 0x00, 0x00, 0x00, 0x00, 0x00, 0x18, 0x00, 0x00, 0x00, 0x00, 0x00, 0x00, 0x00,
	0x5e, 0x00, 0x00, 0x00, 0x03, 0x00, 0x00, 0x00, 0x00, 0x00, 0x00, 0x00, 0x00, 0x00, 0x00, 0x00,
	0x00, 0x00, 0x00, 0x00, 0x00, 0x00, 0x00, 0x00, 0xc8, 0x54, 0x00, 0x00, 0x00, 0x00, 0x00, 0x00,
	0x70, 0x00, 0x00, 0x00, 0x00, 0x00, 0x00, 0x00, 0x00, 0x00, 0x00, 0x00, 0x00, 0x00, 0x00, 0x00,
	0x01, 0x00, 0x00, 0x00, 0x00, 0x00, 0x00, 0x00, 0x00, 0x00, 0x00, 0x00, 0x00, 0x00, 0x00, 0x00,
	0x68, 0x00, 0x00, 0x00, 0x03, 0x00, 0x00, 0x00, 0x00, 0x00, 0x00, 0x00, 0x00, 0x00, 0x00, 0x00,
	0x00, 0x00, 0x00, 0x00, 0x00, 0x00, 0x00, 0x00, 0x38, 0x55, 0x00, 0x00, 0x00, 0x00, 0x00, 0x00,
	0xa2, 0x00, 0x00, 0x00, 0x00, 0x00, 0x00, 0x00, 0x00, 0x00, 0x00, 0x00, 0x00, 0x00, 0x00, 0x00,
	0x01, 0x00, 0x00, 0x00, 0x00, 0x00, 0x00, 0x00, 0x00, 0x00, 0x00, 0x00, 0x00, 0x00, 0x00, 0x00,
};
